runId,caseId,family,method,repetition,status,structuredTaskSuccess,unnecessaryFactTransmissions,totalFactTransmissions,forbiddenFactTransmissions,modelCalls,toolCalls,promptTokens,completionTokens,bytes,elapsedMs,error
"cdc72e70-c586-4c09-aca9-e22c05af9a54","contract-01","contract","pii","0","completed","true","3","6","2","1","0","646","112","2533","2895.1427000000003",""
"dc6c145b-2da6-4691-aa81-dbe8ee9364a0","contract-01","contract","per_step","0","completed","true","0","3","0","1","0","599","98","2330","2610.499099999999",""
"4f500acd-5110-4f20-a97b-09d0c61edd26","contract-01","contract","full","0","completed","true","6","9","5","1","0","693","75","2676","2140.726999999999",""
"31336052-5ccc-4cd8-8a46-e85e60202ae3","contract-01","contract","entry","0","completed","true","0","3","0","1","0","599","83","2330","2317.0799000000006",""
"5a0fce2a-81e0-4768-9a0f-332d5e84794f","contract-01","contract","joint","0","completed","true","0","0","0","0","0","0","0","0","1.748199999999997",""
"8efaf642-1387-4d89-b6b7-b45c0d0ebdee","contract-02","contract","joint","0","completed","true","0","0","0","0","0","0","0","0","1.3324999999986176",""
"705f19e9-8540-4ac0-9387-c46fe8ac0b63","contract-02","contract","pii","0","completed","false","3","6","2","1","0","645","58","2533","1647.2595000000001",""
"27fc6513-2b4e-4d00-a391-da9fc7777fb8","contract-02","contract","entry","0","completed","false","0","3","0","1","0","599","50","2330","1458.5627000000004",""
"a5c241d8-7403-4820-8cbd-c3a5b4ec12d0","contract-02","contract","per_step","0","completed","false","0","3","0","1","0","599","50","2330","1489.33",""
"1a9e7aff-b6a7-47f5-b1b2-192fed81fbfa","contract-03","contract","joint","0","completed","true","0","0","0","0","0","0","0","0","1.5967000000000553",""
"130e2007-8dfa-4fe3-8ae9-d47651b9471e","contract-02","contract","full","0","completed","false","6","9","5","1","0","692","88","2676","2268.5697",""
"cb36517d-6c02-4bf6-bbc2-b944f2d57ce8","contract-03","contract","entry","0","completed","true","0","2","0","1","0","589","79","2301","2012.0926",""
"29cb9f39-dece-49d4-8851-3de9c7bad9aa","contract-03","contract","per_step","0","completed","true","0","2","0","1","0","589","66","2301","1772.2759999999998",""
"a62468af-702b-4811-8999-c6c4a263da9f","contract-04","contract","joint","0","completed","true","0","0","0","0","0","0","0","0","1.1291000000001077",""
"30654a44-631d-49fd-a81f-d12d256dca24","contract-03","contract","full","0","completed","true","7","9","5","1","0","692","100","2665","2521.003700000001",""
"3be86208-b97d-4609-80b6-592acd273b12","contract-03","contract","pii","0","completed","true","4","6","2","1","0","645","96","2522","2401.254799999999",""
"c0a76d24-1599-4843-9ad0-638da9cc1443","contract-04","contract","per_step","0","completed","true","0","2","0","1","0","589","53","2301","1495.3157999999985",""
"33b1f527-2717-4a2a-b4d4-fa204fd4bc9b","contract-05","contract","joint","0","completed","true","0","0","0","0","0","0","0","0","1.3794999999990978",""
"9c3cbdc3-e2d8-4e63-9e32-a572b9d9f13e","contract-04","contract","full","0","completed","false","7","9","5","1","0","691","107","2665","2583.492800000002",""
"401b2698-4fad-4763-8ccb-89642aadcdf8","contract-04","contract","pii","0","completed","false","4","6","2","1","0","644","94","2522","2348.8433000000005",""
"b20fe004-4e9c-4c3e-9577-c46e769d0cdd","contract-04","contract","entry","0","completed","true","0","2","0","1","0","589","53","2301","1431.8473000000013",""
"c40f5ea0-1351-4fca-89e3-05bbd2ae13b6","contract-05","contract","full","0","completed","false","6","9","5","1","0","705","128","2713","3157.6049999999996",""
"acb26f98-3b99-401f-9701-86ffaac5a68a","contract-05","contract","pii","0","completed","false","3","6","2","1","0","658","142","2570","3416.251",""
"234209ec-d173-4da0-a215-a9da452b08fa","contract-05","contract","entry","0","completed","false","0","3","0","1","0","611","121","2367","2952.4925000000003",""
"07425b0e-85a7-4f39-9990-5df23fdcb2d3","contract-05","contract","per_step","0","completed","false","0","3","0","1","0","611","146","2367","3490.1309",""
"96fd5261-1e5d-45c2-9a0f-e146c17c4c6c","contract-06","contract","full","0","completed","true","6","9","5","1","0","704","103","2713","2570.7927999999993",""
"1b22b8de-9ffc-4464-9213-d09d6b124fa9","contract-06","contract","entry","0","completed","false","0","3","0","1","0","611","52","2367","1435.3269",""
"c835e7b8-c158-4a19-bc25-5a901e2ed695","contract-06","contract","joint","0","completed","true","0","0","0","0","0","0","0","0","1.0982000000003609",""
"fac47116-df96-4efe-a07c-48979edb608b","contract-06","contract","pii","0","completed","true","3","6","2","1","0","657","107","2570","2665.124600000003",""
"880779a8-c3df-49b8-abb9-da5015eee6e6","contract-06","contract","per_step","0","completed","false","0","3","0","1","0","611","50","2367","1398.6189000000013",""
"541c2321-5f18-4b10-b934-d64c9ba8b9fb","contract-07","contract","joint","0","completed","true","0","0","0","0","0","0","0","0","0.6912000000011176",""
"752452f1-6d82-4f58-8fc8-18a12dd71bc2","contract-07","contract","per_step","0","completed","true","0","2","0","1","0","599","78","2337","2016.5910000000003",""
"67e2b952-0f44-4bc3-9154-0a71f5bfe790","contract-07","contract","pii","0","completed","true","4","6","2","1","0","655","102","2558","2570.3116999999984",""
"bc508bee-e648-446d-b569-8f7406f20e89","contract-07","contract","entry","0","completed","true","0","2","0","1","0","599","95","2337","2365.055199999999",""
"fb18c810-99a1-488c-8aa3-6bc01425c5a6","contract-08","contract","joint","0","completed","true","0","0","0","0","0","0","0","0","1.0628000000033353",""
"646c7ba1-f306-48d6-bcd3-bbc83526dd41","contract-07","contract","full","0","completed","true","7","9","5","1","0","702","83","2701","2101.106899999999",""
"9bbecc80-bf86-4039-8033-687bf0c960bf","contract-08","contract","entry","0","completed","false","0","2","0","1","0","599","60","2337","1594.7868000000017",""
"179e1679-81cb-4321-8a41-98adecd01d78","contract-08","contract","per_step","0","completed","true","0","2","0","1","0","599","52","2337","1463.4940000000024",""
"f4dda7f0-b686-4e0a-8e67-1d3e080d94d9","contract-09","contract","joint","0","completed","true","0","0","0","0","0","0","0","0","1.3171000000002095",""
"f81889ee-52df-4625-9f1a-471b0dda6e92","contract-08","contract","full","0","completed","true","7","9","5","1","0","701","73","2701","2065.867699999999",""
"3fa6f8ba-fa61-4882-bc2d-516608ecb8f5","contract-08","contract","pii","0","completed","true","4","6","2","1","0","654","88","2558","2240.252700000001",""
"97312b08-f734-45ab-99b8-d62beb86f2b6","contract-09","contract","full","0","completed","true","7","9","5","1","0","699","98","2681","2434.497100000004",""
"0c955185-cdeb-4165-9f8d-4e34559f1663","contract-10","contract","joint","0","completed","true","0","0","0","0","0","0","0","0","1.0539000000062515",""
"3a9bb51b-7ec7-4789-b91a-7879adc46400","contract-09","contract","pii","0","completed","true","4","6","2","1","0","652","98","2538","2527.362200000003",""
"c39e4b04-3546-4576-bbfc-67dc1a344526","contract-10","contract","pii","0","completed","false","4","6","2","1","0","653","50","2540","1388.403099999996",""
"79fc487c-4e24-4a9c-9004-b00ad33c29c8","contract-10","contract","full","0","completed","false","7","9","5","1","0","703","97","2686","2466.2544999999955",""
"cb500f3a-13b5-4750-9067-9b3db8184749","contract-09","contract","per_step","0","completed","false","0","2","0","1","0","596","259","2317","6282.562199999997",""
"c4261d16-4652-4fef-a280-5684f0cf4d37","contract-09","contract","entry","0","completed","false","0","2","0","1","0","596","231","2317","5357.511599999998",""
"f5d3cf2e-02fe-4f4e-87f1-cce8f3e4fd0f","contract-10","contract","entry","0","completed","false","0","2","0","1","0","596","50","2317","1444.6217000000033",""
"0be4fc1a-a396-426d-9bc0-1eefc8592d3b","contract-10","contract","per_step","0","completed","false","0","2","0","1","0","596","50","2317","1403.0241999999998",""
"38516ce8-e2f2-45a0-b636-f96f7478182a","contract-11","contract","full","0","completed","true","6","7","5","1","0","694","80","2690","2118.3055999999997",""
"eef3e3bb-ce46-4775-8608-79a7c24551bb","contract-11","contract","pii","0","completed","true","3","4","2","1","0","644","78","2544","2036.1129",""
"4983f138-551a-419c-bccd-0c37cd7836fc","contract-11","contract","entry","0","completed","true","0","1","0","1","0","595","74","2339","1947.550000000003",""
"feb37aa7-155c-44ea-af98-f61ae35f88a5","contract-11","contract","per_step","0","completed","true","0","1","0","1","0","595","74","2339","1868.5703000000067",""
"3a768a12-0885-4aaa-b2ce-dddfbcb1f299","contract-11","contract","joint","0","completed","true","0","1","0","1","0","595","74","2339","1942.1172000000006",""
"d8353348-6cf9-4011-a1d6-f22f229e2426","contract-12","contract","pii","0","completed","true","3","4","2","1","0","635","51","2527","1415.878899999996",""
"741af5c8-ed0f-44df-b6bb-fd0dbedab28c","contract-12","contract","per_step","0","completed","true","0","1","0","1","0","587","73","2322","1949.2920999999988",""
"f44077f5-28b0-4395-9db5-7732b62dc2c4","contract-12","contract","entry","0","completed","true","0","1","0","1","0","587","83","2322","2122.3222000000023",""
"d5dd6746-4104-4fe8-bd0e-cdded015e4e1","contract-12","contract","joint","0","completed","true","0","1","0","1","0","587","47","2322","1340.8417000000045",""
"41c00bf4-1859-48b8-8b59-26fb74d0d987","contract-12","contract","full","0","completed","true","6","7","5","1","0","685","70","2673","1849.0325000000012",""
"3bf9c104-a2f8-4ba1-ba54-f46490db2fe5","contract-13","contract","entry","0","completed","true","0","1","0","1","0","588","88","2308","2240.3594999999987",""
"cd056217-29fc-4626-9039-78749003e36a","contract-13","contract","per_step","0","completed","true","0","1","0","1","0","588","90","2308","2282.469100000002",""
"4d8aaf04-b67d-4dfc-8c25-f05e6a904bf2","contract-13","contract","joint","0","completed","true","0","1","0","1","0","588","90","2308","2247.6186000000016",""
"3359d69c-9965-4605-a0fd-a608cfba3298","contract-13","contract","full","0","completed","true","6","7","5","1","0","687","81","2659","2069.837099999997",""
"80f92c7e-6f02-42f7-8b52-6005593f2975","contract-13","contract","pii","0","completed","true","3","4","2","1","0","637","83","2513","2102.9303",""
"9d7eab80-3fdb-4b38-b03f-0446a1e99284","contract-14","contract","joint","0","completed","true","0","1","0","1","0","591","69","2320","1859.3627000000051",""
"39d30ada-eff0-4593-a6d5-0667ab5874f2","contract-14","contract","full","0","completed","true","6","7","5","1","0","689","71","2671","1823.5602",""
"81c38c4f-6d78-4f7a-838a-b6970f81934b","contract-14","contract","per_step","0","completed","true","0","1","0","1","0","591","95","2320","2546.2896000000037",""
"20726412-f9d2-40aa-a014-f75f2a32fddc","contract-14","contract","pii","0","completed","true","3","4","2","1","0","639","71","2525","1949.0743000000002",""
"6b55bad9-1b1f-4d86-a1ad-ea983c571c72","contract-14","contract","entry","0","completed","true","0","1","0","1","0","591","65","2320","1685.0362999999998",""
"68e768cf-f243-4bb1-98a9-ee569d66c93c","contract-15","contract","joint","0","completed","true","0","1","0","1","0","589","62","2321","1628.809000000001",""
"dbf0b014-9dc9-4d51-ae0b-154315fcd011","contract-15","contract","full","0","completed","true","6","7","5","1","0","688","61","2672","1636.930499999995",""
"ea31f8c9-257b-4be1-b5b7-e2667411f73f","contract-15","contract","pii","0","completed","true","3","4","2","1","0","638","61","2526","1646.1520000000019",""
"c066d7af-591d-4bc4-b357-7b5f0d49eb0d","contract-15","contract","per_step","0","completed","true","0","1","0","1","0","589","64","2321","1665.224900000001",""
"130487c7-b8ff-470d-99e7-f4fa278d2897","contract-16","contract","full","0","completed","false","6","7","5","1","0","680","66","2664","1759.4924000000028",""
"5b07c9cc-9613-46ec-8ba6-70d9d8aef3ba","contract-15","contract","entry","0","completed","true","0","1","0","1","0","589","95","2321","2335.983",""
"ee49795b-ff60-4adf-91cd-5cc0d5b3de6d","contract-16","contract","pii","0","completed","false","3","4","2","1","0","630","79","2518","2025.405200000001",""
"849e236d-86a4-4112-9fd4-1c325e5d3b22","contract-16","contract","joint","0","completed","false","0","1","0","1","0","582","74","2313","1930.2114999999976",""
"6c1c9914-c4bc-48ec-8a84-3b86c607577e","contract-16","contract","entry","0","completed","false","0","1","0","1","0","582","87","2313","2217.0815000000002",""
"0b3137ec-5780-40d9-9fec-0071dd7b9dcf","contract-16","contract","per_step","0","failed","false","0","1","0","1","0","582","83","2313","2148.3974000000017","INVALID_OUTPUT: 问题分类缺失或无效。"
"feeb2673-9e27-47b4-b75e-ba483271cf23","contract-17","contract","pii","0","completed","true","3","4","2","1","0","644","69","2544","1800.0938000000024",""
"2ac48588-f54d-47e5-ae8a-d0e80b3f4d1e","contract-17","contract","entry","0","completed","true","0","1","0","1","0","595","73","2339","1857.4809999999998",""
"404443b0-8242-4601-a0fd-d590d583fdc9","contract-17","contract","joint","0","completed","true","0","1","0","1","0","595","77","2339","1961.9921000000031",""
"1a1d455c-862b-4cae-aa5b-8a6fa62f3f84","contract-17","contract","per_step","0","completed","true","0","1","0","1","0","595","92","2339","2330.2649999999994",""
"7cb3b2d1-4fee-4de6-ae23-7036126740c1","contract-17","contract","full","0","completed","true","6","7","5","1","0","694","76","2690","1954.9565999999977",""
"40092246-1c0e-4a45-a149-59dcb5a1bd35","contract-18","contract","entry","0","completed","true","0","1","0","1","0","582","57","2301","1516.472799999996",""
"e19d3a4d-ec6f-49bb-8e0a-2db7bc914f1d","contract-18","contract","per_step","0","completed","true","0","1","0","1","0","582","53","2301","1438.6319999999978",""
"fdf85f31-12fa-415a-a351-a45c9ccdf3db","contract-18","contract","joint","0","completed","true","0","1","0","1","0","582","53","2301","1421.0305000000008",""
"b8919191-b945-45ca-abe4-f84748f58dd4","contract-18","contract","full","0","completed","true","6","7","5","1","0","680","52","2652","1445.1791000000012",""
"30747ffd-21b4-4e3b-8f3f-456f1ea4e3b5","contract-18","contract","pii","0","completed","true","3","4","2","1","0","630","61","2506","1616.7876000000033",""
"9dfb302f-608f-4146-a959-d882f1f9b638","contract-19","contract","per_step","0","completed","true","0","1","0","1","0","585","54","2325","1509.386099999996",""
"bfb0ca69-2937-44d0-91a2-6c4c8713928c","contract-19","contract","joint","0","completed","true","0","1","0","1","0","585","51","2325","1405.4035999999978",""
"1907682a-660f-4ce5-b6cf-84819207caa7","contract-19","contract","entry","0","completed","true","0","1","0","1","0","585","62","2325","1635.186299999994",""
"8b78c6c4-c68a-47ea-be4d-963129e33fad","contract-19","contract","full","0","completed","true","6","7","5","1","0","684","80","2676","2146.168399999995",""
"f89897c9-835d-43c0-bae0-a442cfdf997c","contract-19","contract","pii","0","completed","true","3","4","2","1","0","634","93","2530","2344.0218999999925",""
"7929434d-1e5a-4f01-8cfa-d6c9a799f3b2","contract-20","contract","joint","0","completed","true","0","1","0","1","0","588","51","2325","1411.2309000000023",""
"81c02314-7f62-47d5-aee3-1442492c0514","contract-20","contract","full","0","completed","false","6","7","5","1","0","686","56","2676","1485.9289000000135",""
"bba27651-ad4b-444e-836f-0246465c67c2","contract-20","contract","pii","0","completed","true","3","4","2","1","0","636","79","2530","2025.181500000006",""
"a0b1faa3-9b59-4da4-a652-34101d1eff0b","contract-20","contract","entry","0","completed","true","0","1","0","1","0","588","54","2325","1464.021000000008",""
"f15798a7-154f-4ada-a3c3-4891ebe47958","contract-20","contract","per_step","0","completed","true","0","1","0","1","0","588","57","2325","1584.9866000000038",""
"d3ae4f6d-9ca3-4969-8267-7b67305a5a91","contract-21","contract","full","0","completed","true","19","29","15","2","1","1325","168","6263","4390.7311000000045",""
"00c33e08-64e5-42c4-9c4b-303a6d271b5f","contract-21","contract","pii","0","completed","true","10","20","6","2","1","1225","187","5837","4719.0216999999975",""
"4df88f1e-8aa8-4d86-87f5-a14f446e4c53","contract-21","contract","entry","0","completed","true","1","11","0","2","1","1127","167","5234","4336.051699999996",""
"028f80ec-1d55-447d-af62-c6460ef8fd77","contract-21","contract","per_step","0","completed","true","0","10","0","2","1","1127","166","5079","4348.203099999999",""
"3e21db2e-cead-44bc-b095-7cf27cfe1fd8","contract-22","contract","pii","0","completed","true","10","20","6","2","1","1215","150","5820","3854.025999999998",""
"8a86990c-9633-43a4-a1bf-5c5b3ca31f31","contract-22","contract","entry","0","completed","true","1","11","0","2","1","1119","151","5217","3863.321800000005",""
"a3ff57e4-220f-43e2-884a-efae2e56bd63","contract-22","contract","per_step","0","completed","true","0","10","0","2","1","1119","152","5062","3946.351700000014",""
"49dccbda-78a7-4c3c-86b6-c6cf61637375","contract-21","contract","joint","0","completed","true","0","10","0","2","1","1127","170","5079","4987.7592",""
"b562b56c-4e7c-4b17-9f71-dd10081e080c","contract-22","contract","joint","0","completed","true","0","10","0","2","1","1119","144","5062","3720.6333000000013",""
"12430dcd-859b-450d-b114-8b8fd79e409c","contract-22","contract","full","0","completed","true","19","29","15","2","1","1315","154","6246","3884.006400000013",""
"54fd2afb-2163-42a1-a973-0fe6c3cf219a","contract-23","contract","entry","0","completed","true","1","11","0","2","1","1120","151","5203","3972.6657000000123",""
"01d4c4cd-6ebc-412f-91d4-866b489a66c5","contract-23","contract","per_step","0","completed","true","0","10","0","2","1","1120","149","5048","3958.6362999999983",""
"4bb03be8-7ee3-4fea-a387-a19137670be6","contract-23","contract","joint","0","completed","true","0","10","0","2","1","1120","151","5048","3953.6226000000024",""
"fc8b64e4-568c-4f16-bea7-920c7bd3de2e","contract-23","contract","full","0","completed","true","19","29","15","2","1","1318","160","6232","4104.271200000003",""
"cf446637-5198-4616-9b34-87ad9b546623","contract-23","contract","pii","0","completed","true","10","20","6","2","1","1218","155","5806","4010.565400000007",""
"e293c0a9-61b0-44a7-bea4-8541684cf8e5","contract-24","contract","per_step","0","completed","true","0","10","0","2","1","1123","150","5060","3840.539499999999",""
"6a6dbca4-7694-4b5f-914d-8c9c168ce36a","contract-24","contract","joint","0","completed","true","0","10","0","2","1","1123","149","5060","3864.729600000006",""
"c395318c-53fc-4ed1-9483-f8678355c7fc","contract-24","contract","full","0","completed","true","19","29","15","2","1","1319","159","6244","4071.7178999999887",""
"0a8ef71d-aa4e-47bc-9e25-c0b559473362","contract-24","contract","pii","0","completed","true","10","20","6","2","1","1219","151","5818","4176.155100000004",""
"6817a25a-01c9-489d-8e12-ba35c2c39bfc","contract-24","contract","entry","0","completed","true","1","11","0","2","1","1123","160","5215","4195.148300000001",""
"12311b3e-e376-4a48-8339-f63e57a5fd2e","contract-25","contract","joint","0","completed","true","0","10","0","2","1","1121","157","5061","4020.6728000000003",""
"394027ca-23ef-42c2-a3ac-d222783fe7d0","contract-25","contract","full","0","completed","true","19","29","15","2","1","1319","178","6245","4464.502900000007",""
"8d72ebbe-a30c-467b-9e1f-56107905d16e","contract-25","contract","entry","0","completed","true","1","11","0","2","1","1121","157","5216","3976.0513999999966",""
"3681d23b-6e11-441f-90ac-42483f799745","contract-25","contract","pii","0","completed","true","10","20","6","2","1","1219","173","5819","4359.807700000005",""
"c31d6293-01c6-4012-a8cf-ea44f5f0d6fb","contract-25","contract","per_step","0","completed","true","0","10","0","2","1","1121","158","5061","4024.3126000000047",""
"90a62dc6-eba2-4723-8fa5-1162db457a2e","contract-26","contract","pii","0","completed","false","10","20","6","2","1","1210","156","5811","4003.137499999997",""
"27d0899e-31ef-462d-8990-b2bdb7c9d1eb","contract-26","contract","full","0","completed","false","19","29","15","2","1","1310","167","6237","4220.048699999999",""
"45bf85a7-4545-451b-a0e4-14e48b88eb38","contract-26","contract","entry","0","completed","false","1","11","0","2","1","1114","158","5208","4089.7880000000005",""
"0a125535-044f-419f-b876-315c7eee736d","contract-26","contract","per_step","0","failed","false","0","10","0","2","1","1114","152","5053","3941.0179999999964","INVALID_OUTPUT: 问题分类缺失或无效。"
"cebb2ee9-34b3-4131-bbd3-d0cd68b17b0b","contract-27","contract","pii","0","completed","true","10","20","6","2","1","1225","162","5837","4081.4990000000107",""
"870d1506-f8bf-4eae-90c3-54527aa1ab6f","contract-27","contract","entry","0","completed","true","1","11","0","2","1","1127","138","5234","3654.2358999999997",""
"9d3a4b58-ad64-4447-b630-3ae3df92a04a","contract-26","contract","joint","0","failed","false","0","10","0","2","1","1114","157","5053","4185.215299999996","INVALID_OUTPUT: 问题分类缺失或无效。"
"e191e4a9-d3c5-4b4c-99fa-687cc8e5f1b2","contract-27","contract","per_step","0","completed","true","0","10","0","2","1","1127","138","5079","3672.0342999999993",""
"5910ccb4-3c1d-4a43-873b-61736bc4b976","contract-27","contract","joint","0","completed","true","0","10","0","2","1","1127","139","5079","3651.1394",""
"76cac518-5f48-4f40-b058-9b9fb83d6ba6","contract-27","contract","full","0","completed","true","19","29","15","2","1","1325","166","6263","4223.544299999994",""
"70be77c1-03ac-4ef9-a45c-41ccd6787051","contract-28","contract","entry","0","completed","true","1","11","0","2","1","1114","163","5196","4164.655899999998",""
"8922cd0a-bf3e-4c88-bb83-78669cb434b0","contract-28","contract","per_step","0","completed","true","0","10","0","2","1","1114","163","5041","4144.385899999994",""
"8b8c5615-ee4a-4ab0-bb6e-d3f5a48330dd","contract-28","contract","joint","0","completed","true","0","10","0","2","1","1114","157","5041","4079.095199999996",""
"0fd9c0b0-27f9-43ff-b379-acce92171ebb","contract-28","contract","full","0","completed","true","19","29","15","2","1","1310","156","6225","4077.0601000000024",""
"68a4f687-0cbf-4bb4-98ab-b05cc27bc5c0","contract-28","contract","pii","0","completed","true","10","20","6","2","1","1210","161","5799","4086.456099999996",""
"e1626e34-0661-4794-bb91-938ea50963bf","contract-29","contract","per_step","0","completed","true","0","10","0","2","1","1117","153","5065","3937.0822999999946",""
"f77e9270-41e7-4a05-8fa2-89c4ee66e5bb","contract-29","contract","joint","0","completed","true","0","10","0","2","1","1117","154","5065","3979.977899999998",""
"37ea8260-ff3f-4f91-b957-c575c46500aa","contract-29","contract","full","0","completed","true","19","29","15","2","1","1315","152","6249","3939.8919000000024",""
"cee25fd3-020c-481d-80de-3eeb3aa4a477","contract-29","contract","pii","0","completed","true","10","20","6","2","1","1215","153","5823","3895.1991000000125",""
"dc87c303-6776-488c-8c65-2c666d6f3973","contract-29","contract","entry","0","completed","true","1","11","0","2","1","1117","147","5220","3940.137300000002",""
"6b4cce0f-00b6-42cb-b8f6-431dfff2a93e","contract-30","contract","joint","0","completed","true","0","10","0","2","1","1120","177","5065","4586.301999999996",""
"e1c4137d-fbad-42db-91e5-600783b8b5c4","contract-30","contract","pii","0","completed","true","10","20","6","2","1","1216","155","5823","3978.154999999999",""
"12bc85df-264d-4f2e-8198-8081fdec5528","contract-30","contract","full","0","completed","true","19","29","15","2","1","1316","166","6249","4257.412200000006",""
"34ef3fbf-f8f1-405f-8649-3e08c030f6e8","contract-30","contract","entry","0","completed","true","1","11","0","2","1","1120","158","5220","4031.7602000000043",""
"842b0cdc-f75e-4808-af09-3531cc05cf85","study-01","study","pii","0","completed","true","2","6","2","1","0","660","76","2614","1922.036300000007",""
"45fb99ae-cc97-4563-b4c6-ba16f96f8022","study-01","study","full","0","completed","true","5","9","5","1","0","699","88","2732","2181.0141000000003",""
"77331954-8040-4ee9-9437-027b5438b3f1","study-01","study","joint","0","completed","true","0","0","0","0","0","0","0","0","1.2642999999952735",""
"0bbe27bc-f91e-4411-888b-a21d5aa37ab8","study-01","study","entry","0","completed","true","0","4","0","1","0","629","84","2468","2169.7891999999993",""
"e22d172e-dfe5-4aee-85ec-4e1dad3f1a82","contract-30","contract","per_step","0","completed","true","0","10","0","2","1","1120","178","5065","4492.603399999993",""
"adbe5bf0-98a8-4b3f-83e3-0aa88493f87a","study-01","study","per_step","0","completed","true","0","4","0","1","0","629","80","2468","2012.995299999995",""
"a229d1ab-cbfc-4c64-be3f-4f6dc839ba75","study-02","study","joint","0","completed","true","0","0","0","0","0","0","0","0","1.246099999989383",""
"67b4a929-4fc2-4bd0-ada3-f60762091592","study-02","study","pii","0","completed","true","2","6","2","1","0","660","93","2614","2343.965400000001",""
"acaedd0e-124b-46b0-9538-85b991f7aab5","study-02","study","entry","0","completed","true","0","4","0","1","0","629","101","2468","2538.6987999999983",""
"96096a13-0488-4ab5-aa1c-2ab79ef993b0","study-02","study","per_step","0","completed","true","0","4","0","1","0","629","96","2468","2410.887699999992",""
"7b3a55c3-b677-43a4-abfe-0b17887570b0","study-03","study","joint","0","completed","true","0","0","0","0","0","0","0","0","1.1833999999798834",""
"569dea64-bd9c-44fa-a931-59640db4f359","study-02","study","full","0","completed","true","5","9","5","1","0","699","93","2732","2365.984700000001",""
"6f98ed9e-4050-4713-9852-2814735710fd","study-03","study","entry","0","completed","true","0","4","0","1","0","629","89","2468","2228.8863999999885",""
"1e37fecd-170e-48a3-9cba-23612662c7c9","study-03","study","per_step","0","completed","true","0","4","0","1","0","629","84","2468","2128.048399999985",""
"02403cfb-ef2c-4b2c-ba39-74bf3f2e373f","study-04","study","joint","0","completed","true","0","0","0","0","0","0","0","0","1.314299999998184",""
"d976dbd0-c2f3-4ab4-830b-18abfafadd55","study-03","study","full","0","completed","false","5","9","5","1","0","699","116","2732","2769.370500000019",""
"98492b02-be06-4758-9e76-a06b6fa33e09","study-04","study","per_step","0","completed","true","0","4","0","1","0","629","99","2468","2438.5825999999943",""
"c23f2f3e-a86f-465f-b121-a75710cd707b","study-03","study","pii","0","completed","false","2","6","2","1","0","660","208","2614","5080.629199999996",""
"aef7f82e-0878-4c91-8e1a-dea46b1128b1","study-05","study","joint","0","completed","true","0","0","0","0","0","0","0","0","1.127699999982724",""
"fbcd90f5-ba42-45d9-95ce-cbcecc7f6fad","study-04","study","full","0","completed","true","5","9","5","1","0","699","93","2732","2347.199799999973",""
"e583574f-13ef-4733-8b56-9e979d08b4ed","study-04","study","pii","0","completed","true","2","6","2","1","0","660","95","2614","2440.9012999999977",""
"8774970d-dd66-4759-a1fb-879a7e0ec38f","study-04","study","entry","0","completed","true","0","4","0","1","0","629","101","2468","2500.9541000000027",""
"f78d9bfa-bee6-4312-86ea-c12923235ac9","study-05","study","entry","0","completed","true","0","4","0","1","0","629","75","2468","1936.284799999994",""
"098ef9d3-1b82-463d-83e4-9e44576dc4f6","study-05","study","full","0","completed","false","5","9","5","1","0","699","134","2732","3342.2937000000093",""
"d1388d22-c453-43ce-9877-f43d63678033","study-05","study","per_step","0","completed","true","0","4","0","1","0","629","75","2468","2003.5862999999954",""
"e6ff0c01-ae1e-4125-9f6a-21e1186f7e5e","study-05","study","pii","0","completed","false","2","6","2","1","0","660","194","2614","4624.361499999999",""
"01ae5fbf-cb79-4511-935e-567e94f708d4","study-06","study","full","0","completed","true","5","9","5","1","0","699","91","2732","2266.1270000000077",""
"8837adab-ce30-45a9-b521-d5523643e928","study-06","study","joint","0","completed","true","0","0","0","0","0","0","0","0","1.055400000012014",""
"17bd73ee-18ef-4b6d-9645-62f9bc7bdeda","study-06","study","pii","0","completed","true","2","6","2","1","0","660","90","2614","2300.1061000000045",""
"f9093fce-e4b9-4fc9-af8c-19edc1f5c766","study-06","study","entry","0","completed","true","0","4","0","1","0","629","97","2468","2405.2323000000033",""
"a57f30e9-60ff-4f2f-aeb1-d7a856b3fe8d","study-06","study","per_step","0","completed","true","0","4","0","1","0","629","102","2468","2524.714900000021",""
"576f7b16-0534-4c87-a94a-fba74d640692","study-07","study","joint","0","completed","true","0","0","0","0","0","0","0","0","1.1710000000020955",""
"06aec43c-349a-4d5c-967a-ae80fd8d130e","study-07","study","pii","0","completed","true","2","6","2","1","0","660","114","2614","2814.321399999986",""
"38fe925f-37a0-4346-8981-62e993bb2a17","study-07","study","entry","0","completed","true","0","4","0","1","0","629","117","2468","2867.7999999999884",""
"fb0d7e56-c932-4a73-9878-3fe702cca0e4","study-07","study","per_step","0","completed","true","0","4","0","1","0","629","118","2468","2863.521300000022",""
"ffe8e723-787c-44a5-8a03-ff2adf2ff295","study-08","study","joint","0","completed","true","0","0","0","0","0","0","0","0","1.0614000000059605",""
"f1526715-4b06-44ce-b045-379c43e70db7","study-07","study","full","0","completed","true","5","9","5","1","0","699","116","2732","2855.5360999999975",""
"f1de28f8-60f6-4afe-8f2f-bd9b5b863d2e","study-08","study","entry","0","completed","true","0","4","0","1","0","629","88","2468","2273.8900999999896",""
"636601fd-7d95-44d6-a316-032fcdf82a6b","study-08","study","per_step","0","completed","true","0","4","0","1","0","629","88","2468","2200.0701000000117",""
"60a42d89-2abd-42d6-9b88-fd69c40881bd","study-09","study","joint","0","completed","true","0","0","0","0","0","0","0","0","1.151899999997113",""
"13539393-51e3-4c07-984b-9f5ef4920ee4","study-08","study","full","0","completed","false","5","9","5","1","0","699","125","2732","3042.0842999999877",""
"e8d8980a-4df5-4e9a-8a3e-833cb1f4a29a","study-08","study","pii","0","completed","false","2","6","2","1","0","660","123","2614","2966.7418999999936",""
"dc934a0b-2f17-4fe8-b880-be5c2aae71f3","study-09","study","per_step","0","completed","true","0","4","0","1","0","629","79","2468","2141.822600000014",""
"dd50d4f7-0c6c-4802-aedc-18eead599b71","study-10","study","joint","0","completed","true","0","0","0","0","0","0","0","0","1.3549000000057276",""
"e3052e46-323d-4591-aedf-6956ca53ea44","study-09","study","full","0","completed","false","5","9","5","1","0","699","100","2732","2493.416200000007",""
"5d8cc31b-dd2a-4222-a2df-2f1375554f00","study-09","study","pii","0","completed","false","2","6","2","1","0","660","100","2614","2515.179200000013",""
"c36abd22-1b52-4737-af54-c79d0f2de60e","study-09","study","entry","0","completed","true","0","4","0","1","0","629","79","2468","2006.4786999999778",""
"df9d904a-8cfa-4541-a43b-8889202031a8","study-10","study","full","0","completed","true","5","9","5","1","0","703","100","2736","2454.6406000000134",""
"e6114b89-563e-4a17-b703-26481e6c4135","study-10","study","pii","0","completed","true","2","6","2","1","0","662","104","2616","2557.060899999982",""
"2ed82790-17a7-4e47-9991-f7b817de66f4","study-10","study","entry","0","completed","true","0","4","0","1","0","629","100","2468","2494.2999000000127",""
"5fd2bb73-972b-47d4-bc0a-c1c1c61773c6","study-10","study","per_step","0","completed","true","0","4","0","1","0","629","88","2468","2880.0485000000044",""
"b907ca37-3fc6-48d0-90fd-287939d36152","study-11","study","full","0","completed","true","5","6","5","1","0","665","100","2623","2493.1659999999974",""
"caacf92c-e89f-4ca4-b5fb-a1644f6e84aa","study-11","study","entry","0","completed","true","0","1","0","1","0","591","59","2355","1560.9644000000262",""
"df84454e-ceaf-4d54-9ff7-a4afe768a4c6","study-11","study","pii","0","completed","true","2","3","2","1","0","624","91","2503","2293.9923000000126",""
"c0b00dc2-d057-4e8f-9f64-e5df37b6b7ac","study-11","study","per_step","0","completed","true","0","1","0","1","0","591","97","2355","2457.5358000000124",""
"6d7b76ef-fa92-4a45-b6c8-57b2c63ed042","study-11","study","joint","0","completed","true","0","1","0","1","0","591","76","2355","1964.4530999999843",""
"29e1a0dd-9f0e-4544-b5b1-35dff9702e56","study-12","study","pii","0","completed","true","2","3","2","1","0","623","75","2500","1907.701000000001",""
"d22c7459-a0b6-4ace-ae3c-344d7071d908","study-12","study","entry","0","completed","true","0","1","0","1","0","590","57","2352","1591.9038",""
"f2894209-1e2a-4cf9-9345-5079e88c1fcc","study-12","study","per_step","0","completed","true","0","1","0","1","0","590","58","2352","1599.9291000000085",""
"48074663-1cba-46b0-93cd-a3ec0022521f","study-12","study","joint","0","completed","true","0","1","0","1","0","590","81","2352","2019.291899999982",""
"8ab3ced2-49a7-40e8-96dc-d62e3f0f7755","study-12","study","full","0","completed","true","5","6","5","1","0","664","77","2620","1978.2333000000217",""
"fbe17db3-ff31-471a-bbdc-96f934152b28","study-13","study","per_step","0","completed","true","0","1","0","1","0","587","77","2343","2028.7930000000051",""
"626dcc34-52ec-4d79-a194-25f53ec82980","study-13","study","entry","0","completed","true","0","1","0","1","0","587","82","2343","2117.7171999999846",""
"c9bad36c-f169-403b-90d8-96170b05c273","study-13","study","joint","0","completed","true","0","1","0","1","0","587","65","2343","1720.880999999994",""
"8965e167-78e8-42ef-80ce-6c1e8632b90c","study-13","study","full","0","completed","true","5","6","5","1","0","661","79","2611","1993.4158999999927",""
"cd9a4403-2cb1-4a57-afc1-88014091cd53","study-14","study","joint","0","completed","true","0","1","0","1","0","585","82","2328","2060.559799999988",""
"4761c5be-3aff-4c37-a642-b56d610480fa","study-13","study","pii","0","completed","true","2","3","2","1","0","620","79","2491","2134.424100000004",""
"8f7e1536-1a83-4367-9378-7703b85fdd78","study-14","study","full","0","completed","true","5","6","5","1","0","659","75","2596","1929.8545999999915",""
"49e9b694-5dc0-47f5-ad52-0a5a386199d7","study-14","study","per_step","0","completed","true","0","1","0","1","0","585","82","2328","2113.265400000004",""
"593e9531-d6f2-4448-8960-05753043e3c5","study-14","study","pii","0","completed","true","2","3","2","1","0","618","88","2476","2237.5154999999795",""
"bbb5f8fc-d322-4ad9-aa0d-27eb09979e74","study-14","study","entry","0","completed","true","0","1","0","1","0","585","82","2328","2147.264599999995",""
"a4426ccf-96b5-46bc-9cca-93c6a1577a1c","study-15","study","joint","0","completed","true","0","1","0","1","0","592","92","2336","2331.6835999999894",""
"1d4e6a16-5e8c-4023-bd28-509f8c2836b9","study-15","study","full","0","completed","true","5","6","5","1","0","666","97","2604","2494.1970999999903",""
"bd581919-df91-4882-a158-450e7f14f2f4","study-15","study","pii","0","completed","true","2","3","2","1","0","625","91","2484","2265.123900000006",""
"2ed24080-e7e1-4bb2-adb5-aa8e6b72a533","study-15","study","entry","0","completed","true","0","1","0","1","0","592","94","2336","2310.436699999991",""
"53d25bd7-632b-49d7-b711-57c179de0884","study-15","study","per_step","0","completed","true","0","1","0","1","0","592","92","2336","2318.7646999999997",""
"4a690651-8709-463f-b381-c41e499e652b","study-16","study","full","0","completed","true","5","6","5","1","0","662","82","2605","2106.664699999994",""
"f66168da-9b3b-472b-8ddd-51ca858dca92","study-16","study","pii","0","completed","true","2","3","2","1","0","621","81","2485","2089.279999999999",""
"53844c39-8b64-4eb0-863b-486cefe8dad9","study-16","study","entry","0","completed","true","0","1","0","1","0","588","81","2337","2057.438200000004",""
"5647e166-32f6-4fb8-957f-57053d39bb38","study-16","study","per_step","0","completed","true","0","1","0","1","0","588","81","2337","2123.4481999999844",""
"c7ab257a-b50e-4b1d-991d-0aedaad5e88a","study-16","study","joint","0","completed","true","0","1","0","1","0","588","87","2337","2199.336100000015",""
"0dcdbd7a-358c-414e-be27-f6cf7a8f23e6","study-17","study","pii","0","completed","true","2","3","2","1","0","617","69","2470","1829.189400000003",""
"f90e7c1d-4467-48b0-aed4-f80a71df127f","study-17","study","entry","0","completed","true","0","1","0","1","0","584","78","2322","2011.1847000000125",""
"3684f52f-a921-4164-8637-46837bbfc3f4","study-17","study","per_step","0","completed","true","0","1","0","1","0","584","48","2322","1353.8655000000144",""
"bf81f890-b542-4267-bdf9-f73681225d67","study-17","study","joint","0","completed","true","0","1","0","1","0","584","61","2322","1606.3415000000095",""
"bef076a6-f0e1-4b01-af8e-4dc58650b7f8","study-17","study","full","0","completed","true","5","6","5","1","0","658","71","2590","1815.268299999996",""
"166092f2-673d-4503-a739-16307ab2a157","study-18","study","entry","0","completed","true","0","1","0","1","0","587","67","2337","1733.6068000000087",""
"3fd93c9b-138b-4fc8-bd2f-5ea88483ca17","study-18","study","per_step","0","completed","true","0","1","0","1","0","587","68","2337","1807.2142999999924",""
"063b3cb4-3d17-4c90-bdd5-5f7ee05f9df3","study-18","study","joint","0","completed","true","0","1","0","1","0","587","84","2337","2122.2808999999834",""
"c74ce824-f49b-4308-a494-628c8140cb90","study-18","study","full","0","completed","true","5","6","5","1","0","661","84","2605","2131.662699999986",""
"32cc75d5-160d-4f64-94c4-65e332ff2760","study-18","study","pii","0","completed","true","2","3","2","1","0","620","85","2485","2142.5866000000096",""
"63fc7edd-ddc0-42d5-b074-4e2fdf5769fa","study-19","study","per_step","0","completed","true","0","1","0","1","0","590","83","2352","2536.805699999997",""
"e0df0904-f3ad-47b2-9b41-4a100e5762e7","study-19","study","joint","0","completed","true","0","1","0","1","0","590","88","2352","2199.7865000000165",""
"1238453a-7245-4a62-a39a-9df983e0cfc0","study-19","study","full","0","completed","true","5","6","5","1","0","664","88","2620","2154.19650000002",""
"7f060ab6-062f-4957-b30c-0b4a50bba978","study-19","study","pii","0","completed","true","2","3","2","1","0","623","84","2500","2109.7373999999836",""
"63914645-e7ae-4e96-9dd5-225081fb14a9","study-19","study","entry","0","completed","true","0","1","0","1","0","590","88","2352","2217.767200000002",""
"371fccae-eb5b-4b01-902c-d60c815e7654","study-20","study","joint","0","completed","false","0","1","0","1","0","587","82","2334","2089.7470999999787",""
"1e23b490-8463-4a4e-84c4-cb493fd83064","study-20","study","full","0","completed","false","5","6","5","1","0","661","82","2602","2079.4539000000223",""
"ecb0fcf4-cf3d-45b9-bb6f-d97a0fdce30e","study-20","study","pii","0","completed","false","2","3","2","1","0","620","101","2482","2487.051199999987",""
"69d05c28-013d-48eb-8de2-6f1b37e47003","study-20","study","entry","0","completed","false","0","1","0","1","0","587","91","2334","2276.6131999999925",""
"6d5816ba-b835-422f-8b95-e01d972d745f","study-20","study","per_step","0","completed","true","0","1","0","1","0","587","90","2334","2278.6753000000026",""
"23202acf-0e26-431e-a178-8107bc25c159","study-21","study","pii","0","completed","true","7","17","6","2","1","1192","139","5747","3609.1628999999957",""
"39025b76-cff3-449f-b867-06421bdd42b4","study-21","study","entry","0","completed","true","1","11","0","2","1","1126","149","5311","3827.222599999979",""
"850ace93-eedc-449c-a066-3dfd6ba13127","study-21","study","full","0","completed","true","16","26","15","2","1","1274","157","6095","4117.669099999999",""
"fa5fbd8d-20c9-4a9c-97c3-5e65a047d4af","study-21","study","per_step","0","completed","true","0","10","0","2","1","1126","167","5182","4252.345199999982",""
"c71359e7-272d-46bc-b8e5-5b2a01faa0c2","study-22","study","entry","0","completed","true","1","11","0","2","1","1123","138","5299","3642.4330999999947",""
"767e6968-e05b-4065-9bc3-506e2073e4b8","study-21","study","joint","0","completed","true","0","10","0","2","1","1126","168","5182","4383.1636",""
"905f7106-7fed-4173-8c32-932c31c88971","study-22","study","pii","0","completed","true","7","17","6","2","1","1189","162","5735","4092.655400000018",""
"392f3494-2a88-4794-8449-2e681befda93","study-22","study","per_step","0","completed","true","0","10","0","2","1","1123","142","5173","3688.458800000022",""
"3dc7cec2-1897-46c6-9af3-5bca1d7f67c2","study-23","study","entry","0","completed","true","1","11","0","2","1","1114","134","5263","3566.3320999999996",""
"b2faa188-3b6b-4a4f-8538-07230df5519b","study-22","study","joint","0","completed","true","0","10","0","2","1","1123","166","5173","4259.445799999987",""
"56aa6883-5312-4933-9e1b-4f2b8fe36ab7","study-22","study","full","0","completed","true","16","26","15","2","1","1271","162","6083","4259.801200000016",""
"7bb2f854-840b-4fde-a770-f2325ad9f7e8","study-23","study","per_step","0","completed","true","0","10","0","2","1","1114","136","5146","3606.8447999999917",""
"e62a0cef-53cd-41a8-8347-124a02d7c17f","study-23","study","joint","0","completed","true","0","10","0","2","1","1114","143","5146","3854.955500000011",""
"4ccdd5b8-e3a3-4836-bbba-49437640442f","study-23","study","full","0","completed","true","16","26","15","2","1","1262","140","6047","3621.349199999997",""
"50c77d17-7ef2-43be-a6d1-699b8485d8a0","study-23","study","pii","0","completed","true","7","17","6","2","1","1180","153","5699","3918.1761000000115",""
"87800806-75b6-4dab-9015-84e63da8e6cc","study-24","study","per_step","0","completed","true","0","10","0","2","1","1108","137","5101","3591.3985000000102",""
"fa8cb9d8-a775-41b4-85d3-7cc8ffce1963","study-24","study","joint","0","completed","true","0","10","0","2","1","1108","136","5101","3557.8891000000003",""
"e3fb135a-366a-4627-91b4-b89d742cfbc1","study-24","study","full","0","completed","true","16","26","15","2","1","1256","141","5987","3630.9112000000023",""
"b846ee40-309a-468c-8f43-5fbbfca11565","study-24","study","pii","0","completed","true","7","17","6","2","1","1174","135","5639","3650.096600000019",""
"e5a37478-a07a-49a9-abe5-2ea341a16de5","study-24","study","entry","0","completed","true","1","11","0","2","1","1108","142","5203","3681.351500000019",""
"3a72119b-8039-42fa-81e1-d2c522893d60","study-25","study","joint","0","completed","false","0","10","0","2","1","1129","148","5125","3877.003399999987",""
"8dbcbe9b-71be-4fa5-9938-eb76d82e8d32","study-25","study","full","0","completed","false","16","26","15","2","1","1277","129","6019","3368.5476999999955",""
"19be226d-fdd2-4392-b8ee-f32f778f5e7d","study-25","study","pii","0","completed","false","7","17","6","2","1","1195","156","5671","4002.61559999999",""
"5b9ba4d6-0330-44aa-b3c1-556455ba9a3b","study-25","study","entry","0","completed","false","1","11","0","2","1","1129","144","5235","3736.8401000000013",""
"8a220218-c417-4af1-a7ef-eb23ab6cc1c4","study-25","study","per_step","0","completed","true","0","10","0","2","1","1129","141","5125","3756.9819000000134",""
"c6ad7658-0a0e-4031-a4e2-f64d417b1794","study-26","study","pii","0","completed","true","7","17","6","2","1","1183","146","5675","3742.503700000001",""
"de8ecc6a-68d1-4307-8a2c-b9fd4c888f85","study-26","study","entry","0","completed","true","1","11","0","2","1","1117","149","5239","3823.910999999993",""
"d8220ff3-de6a-4217-b7ab-427fc495a466","study-26","study","full","0","completed","true","16","26","15","2","1","1265","166","6023","4244.219700000016",""
"13edca6e-3fb3-4360-b8d6-21eb5a29c119","study-26","study","per_step","0","completed","true","0","10","0","2","1","1117","146","5128","3833.504200000025",""
"ef22533f-c05f-47f5-93da-d002486082df","study-26","study","joint","0","completed","true","0","10","0","2","1","1117","146","5128","3784.1351999999897",""
"5ce2b29b-740a-4f58-a5f5-c36365b9b4cc","study-27","study","pii","0","completed","false","7","17","6","2","1","1171","138","5615","3786.7525000000023",""
"fe1bc833-9efc-4ea8-b0c4-b43934cbf667","study-27","study","entry","0","completed","false","1","11","0","2","1","1105","144","5179","3837.6351999999897",""
"5bb43ac7-3fa8-4beb-a440-4da88eb3f3af","study-27","study","per_step","0","completed","false","0","10","0","2","1","1105","140","5083","3621.6791000000085",""
"3e7fb179-3646-4b5a-83f2-b2429b58a213","study-27","study","joint","0","completed","true","0","10","0","2","1","1105","138","5083","3583.0603999999876",""
"6ffdc975-5ed1-4568-9e72-50ce5b83edf2","study-27","study","full","0","completed","true","16","26","15","2","1","1253","134","5963","3547.338300000003",""
"b89d080f-2cc6-436f-aa21-d903358e376c","study-28","study","entry","0","completed","true","1","11","0","2","1","1114","138","5239","3705.867899999983",""
"588f4989-d399-4588-87bc-af052049c8fa","study-28","study","per_step","0","completed","true","0","10","0","2","1","1114","141","5128","3789.7055999999866",""
"def9e41b-4228-45dd-9e56-061bdb6c3845","study-28","study","joint","0","completed","true","0","10","0","2","1","1114","141","5128","3649.6742000000086",""
"ea4d42b7-a2f2-412f-97cc-b0e00d045cde","study-28","study","pii","0","completed","true","7","17","6","2","1","1180","114","5675","3214.0434999999998",""
"10ebb280-9796-46d3-83dd-cc819c70e03c","study-28","study","full","0","completed","true","16","26","15","2","1","1262","160","6023","4121.324900000007",""
"61a343b8-080a-4b50-bcb9-fc7ff6833e01","study-29","study","per_step","0","completed","true","0","10","0","2","1","1123","145","5173","3762.2590999999957",""
"25d7d54f-dbdf-4ba9-bc03-4cdf60893de2","study-29","study","joint","0","completed","true","0","10","0","2","1","1123","140","5173","3661.475199999986",""
"b8874575-99a7-4339-91dd-f25cfcda10a5","study-29","study","full","0","completed","true","16","26","15","2","1","1271","146","6083","3741.6154000000097",""
"b4d3804f-0bef-49e4-b864-b34e075a5680","study-29","study","pii","0","completed","true","7","17","6","2","1","1189","146","5735","3852.421800000011",""
"2b5705a0-078a-4282-97fa-33c705c29431","study-29","study","entry","0","completed","true","1","11","0","2","1","1123","146","5299","3742.1658999999927",""
"a9d34dab-caa2-4b4c-a15e-18f76f37f3bd","study-30","study","joint","0","completed","false","0","10","0","2","1","1114","161","5119","4095.127299999993",""
"1a6e986b-c47b-47b1-b398-b83b8360975f","study-30","study","full","0","completed","false","16","26","15","2","1","1262","161","6011","4212.825200000021",""
"43616dc4-115a-4612-835e-877f2a3fa939","study-30","study","pii","0","completed","false","7","17","6","2","1","1180","161","5663","4112.127599999978",""
"0c4e4f34-ccad-4210-986a-d6b6341b8ed7","study-30","study","entry","0","completed","false","1","11","0","2","1","1114","161","5227","4144.390199999994",""
"b6e283b7-b43f-4bf9-ad5c-304faf6e0a05","study-30","study","per_step","0","completed","false","0","10","0","2","1","1114","144","5119","3658.989500000025",""
"7a09707f-1b8e-48d1-bfab-384e21784f67","contract-01","contract","pii","1","completed","true","3","6","2","1","0","646","110","2533","2677.151599999983",""
"fc67d1cf-2420-4c40-9bcc-f300c33c5d01","contract-01","contract","joint","1","completed","true","0","0","0","0","0","0","0","0","1.5021000000124332",""
"145932a0-d24b-4067-800f-81068d82c62f","contract-01","contract","entry","1","completed","true","0","3","0","1","0","599","98","2330","2452.6524999999965",""
"aa91ce51-64b8-4def-94a7-43c227d7b945","contract-02","contract","entry","1","completed","false","0","3","0","1","0","599","50","2330","1414.4584000000032",""
"67227463-0d40-4ff3-9b76-11abbebec9aa","contract-02","contract","joint","1","completed","true","0","0","0","0","0","0","0","0","0.9556000000156928",""
"73290b9f-0d84-42a0-bd76-33a1188a307f","contract-01","contract","per_step","1","completed","true","0","3","0","1","0","599","95","2330","2360.242100000003",""
"6d2758d3-4a67-485d-9c6f-aa9e41056c2d","contract-02","contract","per_step","1","completed","false","0","3","0","1","0","599","52","2330","1464.0529000000097",""
"d984ad76-16f0-45a7-b0d9-93e6b3d87b35","contract-01","contract","full","1","completed","true","6","9","5","1","0","693","143","2676","3442.6530000000203",""
"a0aeaa31-9867-4f3d-becd-07dfe50e3edd","contract-03","contract","joint","1","completed","true","0","0","0","0","0","0","0","0","0.8407000000006519",""
"61c0b69f-be1e-4024-9fbc-e5408e8e5fbd","contract-02","contract","pii","1","completed","true","3","6","2","1","0","645","75","2533","1912.6864999999816",""
"cf5f2475-befc-4377-becc-10004db1efd9","contract-03","contract","per_step","1","completed","true","0","2","0","1","0","589","72","2301","1882.0924000000232",""
"d461bfa1-9f03-40ef-942e-740a53f4811c","contract-02","contract","full","1","completed","false","6","9","5","1","0","692","122","2676","3007.688999999984",""
"025abdd4-b828-4eba-ab2b-84e724969dee","contract-04","contract","joint","1","completed","true","0","0","0","0","0","0","0","0","1.1625999999814667",""
"27f90435-d4bb-4f36-bec8-9e5df68d944e","contract-03","contract","full","1","completed","true","7","9","5","1","0","692","67","2665","1751.7966999999771",""
"a47839c9-b609-4f2e-9b40-b7c643bea421","contract-03","contract","entry","1","completed","true","0","2","0","1","0","589","70","2301","1808.2909000000218",""
"25be5a85-8903-4d81-b237-edaa1a377fa3","contract-03","contract","pii","1","completed","true","4","6","2","1","0","645","96","2522","2430.1193000000203",""
"0ac8f491-1e0a-4ba5-a528-61390ec0bf5b","contract-04","contract","pii","1","completed","false","4","6","2","1","0","644","63","2522","1688.7569000000076",""
"bea9e35a-b3fb-4e79-96ae-372238945435","contract-04","contract","full","1","completed","true","7","9","5","1","0","691","95","2665","2434.1901999999827",""
"0ea5c11e-f805-4e68-a47d-d82877045cc1","contract-04","contract","entry","1","completed","true","0","2","0","1","0","589","53","2301","1446.9403999999922",""
"351ff639-325c-4013-9034-2a1f78566981","contract-04","contract","per_step","1","completed","true","0","2","0","1","0","589","53","2301","1448.252599999978",""
"01664a9e-e8ec-46a7-9bb1-2b956918efe2","contract-05","contract","full","1","completed","false","6","9","5","1","0","705","122","2713","2960.9490000000224",""
"14c860d6-cbd8-4a6f-9bb4-9753f8efcc06","contract-05","contract","joint","1","completed","true","0","0","0","0","0","0","0","0","1.0561000000161584",""
"0e0897e5-0c70-4264-a816-2500153a640b","contract-05","contract","pii","1","completed","false","3","6","2","1","0","658","144","2570","3454.3287999999884",""
"c2b9949e-dfcd-436a-8394-7698141b8e58","contract-05","contract","entry","1","completed","false","0","3","0","1","0","611","137","2367","3269.26489999998",""
"2ef8b958-b89b-43a0-829f-eabc58fd64cf","contract-06","contract","pii","1","completed","true","3","6","2","1","0","657","82","2570","2105.799299999984",""
"54a2b79c-00a2-4170-82f0-bebdd07655c1","contract-06","contract","joint","1","completed","true","0","0","0","0","0","0","0","0","0.9606999999959953",""
"d7be565a-2ff9-4994-8b0f-f7fc65ed2aba","contract-05","contract","per_step","1","completed","false","0","3","0","1","0","611","181","2367","4267.015699999989",""
"730a2afa-9bd2-44d3-b194-824f83bcebfd","contract-06","contract","entry","1","completed","true","0","3","0","1","0","611","54","2367","1448.3813999999838",""
"d6407dfd-88d8-47ba-9936-26f31d6f27d2","contract-06","contract","per_step","1","completed","false","0","3","0","1","0","611","52","2367","1497.1540000000095",""
"97a4cca1-eded-47fc-8d9e-039fff2f2cfc","contract-07","contract","joint","1","completed","true","0","0","0","0","0","0","0","0","0.9902000000001863",""
"2622cce1-f09f-461a-83b4-280f32e05d1f","contract-06","contract","full","1","completed","true","6","9","5","1","0","704","103","2713","2550.862699999998",""
"1d7016a3-25f2-4eac-9011-6b34a73e259a","contract-07","contract","entry","1","completed","true","0","2","0","1","0","599","104","2337","2576.3139000000083",""
"2063f3c6-e53d-4c7a-abc1-74aae5873a71","contract-07","contract","full","1","completed","true","7","9","5","1","0","702","109","2701","2649.6805000000168",""
"980b62b7-9d21-495e-92e2-fce0c39086b4","contract-08","contract","joint","1","completed","true","0","0","0","0","0","0","0","0","1.29759999999078",""
"5515f642-57fb-4ede-b6be-d2e5dae40507","contract-07","contract","per_step","1","completed","true","0","2","0","1","0","599","111","2337","3055.8204999999725",""
"3e01d659-5d98-49df-b006-0eb720f75fff","contract-08","contract","per_step","1","completed","false","0","2","0","1","0","599","50","2337","1697.7522999999928",""
"936099cb-f832-4ab2-82d9-b5a5efadb4b4","contract-07","contract","pii","1","completed","true","4","6","2","1","0","655","84","2558","2094.2030999999843",""
"f3cfefb9-d5cd-4b58-aae7-418b6933c5b0","contract-09","contract","joint","1","completed","true","0","0","0","0","0","0","0","0","1.0366999999969266",""
"bcaa4d21-4765-4cea-b3f4-49b0ac0e38db","contract-08","contract","full","1","completed","true","7","9","5","1","0","701","90","2701","2212.282999999996",""
"5466af18-3892-4b16-b76d-db093281e2a1","contract-08","contract","pii","1","completed","true","4","6","2","1","0","654","88","2558","2234.023199999996",""
"ac1491c0-d33f-4a9a-b35c-06586a0876c0","contract-08","contract","entry","1","completed","false","0","2","0","1","0","599","50","2337","1380.275800000003",""
"f569109d-caad-45b5-ad58-dc189903bb42","contract-09","contract","full","1","completed","true","7","9","5","1","0","699","95","2681","2401.25549999997",""
"a06490a5-da08-436a-b877-7d678cf8acd3","contract-09","contract","pii","1","completed","true","4","6","2","1","0","652","105","2538","2914.832999999984",""
"f60bc893-dc65-4e8b-917a-36158a803f9d","contract-09","contract","entry","1","completed","false","0","2","0","1","0","596","110","2317","2691.5889000000316",""
"cbfd44c8-5b99-4687-9e43-c1fadccf7c13","contract-10","contract","full","1","completed","false","7","9","5","1","0","703","88","2686","2214.141399999964",""
"0fcdb76a-bc88-452f-842f-97db04f8c17a","contract-10","contract","entry","1","completed","false","0","2","0","1","0","596","50","2317","1364.505999999994",""
"63f28151-b655-4ff8-94b5-eb0880026117","contract-10","contract","joint","1","completed","true","0","0","0","0","0","0","0","0","0.7539000000106171",""
"344f558b-ff01-4823-a767-ed1dcdae1d1f","contract-10","contract","pii","1","completed","false","4","6","2","1","0","653","117","2540","2829.376899999974",""
"c1ace32d-7aaa-4336-b8a8-2debfd04d4d1","contract-10","contract","per_step","1","completed","false","0","2","0","1","0","596","50","2317","1357.9638999999734",""
"783ae6c1-edca-48d4-af56-9c3885b02ebc","contract-11","contract","pii","1","completed","true","3","4","2","1","0","644","87","2544","2204.8698999999906",""
"91db1232-317e-42d6-9429-3f4d6dfe8d4b","contract-11","contract","entry","1","completed","true","0","1","0","1","0","595","90","2339","2336.6555999999982",""
"d931c43a-6c97-4c78-94f7-19dd710a1714","contract-11","contract","per_step","1","completed","true","0","1","0","1","0","595","74","2339","2006.0025000000023",""
"777cec3d-30d9-4029-bfbf-66acc5772e04","contract-11","contract","full","1","completed","true","6","7","5","1","0","694","70","2690","1899.6431999999913",""
"c3d2ef0c-9a82-4af3-a386-a2f1ed5508ad","contract-09","contract","per_step","1","completed","false","0","2","0","1","0","596","488","2317","11070.187900000019",""
"0e875c43-25d0-47d6-b947-59449954d208","contract-12","contract","entry","1","completed","true","0","1","0","1","0","587","62","2322","1650.719299999997",""
"fcd52af4-7283-428e-b867-6d72c4bf77dc","contract-11","contract","joint","1","completed","true","0","1","0","1","0","595","94","2339","2350.9163999999873",""
"001f3349-c003-43c8-bd59-1d9f7de79f7c","contract-12","contract","per_step","1","completed","true","0","1","0","1","0","587","51","2322","1474.5314999999828",""
"3fd9d7ad-5abf-48e3-8797-a53e131b5bbf","contract-12","contract","joint","1","completed","true","0","1","0","1","0","587","78","2322","1985.8278000000282",""
"79ea9512-c46c-496b-9d92-7642b68605b9","contract-12","contract","pii","1","completed","true","3","4","2","1","0","635","64","2527","1802.8594999999623",""
"e6146868-449a-4336-9c74-469b26a4e571","contract-12","contract","full","1","completed","true","6","7","5","1","0","685","84","2673","2130.552299999981",""
"e358bb7b-ac9b-4864-9806-1ab19acb9070","contract-13","contract","per_step","1","completed","true","0","1","0","1","0","588","90","2308","2263.231599999999",""
"40b42da3-339c-4731-bb1b-d2544982fe2b","contract-13","contract","joint","1","completed","true","0","1","0","1","0","588","93","2308","2416.547900000005",""
"7442edc3-3646-4a67-b345-982c14861877","contract-13","contract","full","1","completed","true","6","7","5","1","0","687","86","2659","2195.6252000000095",""
"26caed53-f11a-4f28-a50d-40cf77a6bc7d","contract-13","contract","pii","1","completed","true","3","4","2","1","0","637","82","2513","2115.646300000022",""
"19cf0572-8eac-448d-9b5f-df86960ac0a4","contract-14","contract","joint","1","completed","true","0","1","0","1","0","591","60","2320","1597.28820000001",""
"724073c5-1259-40d3-9580-c42fdea44354","contract-14","contract","full","1","completed","true","6","7","5","1","0","689","71","2671","1815.94789999997",""
"aece5372-1967-4077-a62a-22cb0c5dee90","contract-13","contract","entry","1","completed","true","0","1","0","1","0","588","93","2308","2442.8293000000413",""
"4cee92b8-63a4-44fe-9789-809c2e165452","contract-14","contract","pii","1","completed","true","3","4","2","1","0","639","62","2525","1625.8359000000055",""
"6170b3c4-ce4c-4c37-873f-f5a5a7e9386b","contract-15","contract","full","1","completed","true","6","7","5","1","0","688","61","2672","1628.57289999997",""
"9f791847-c679-43a9-a39c-abe48276e19c","contract-14","contract","entry","1","completed","true","0","1","0","1","0","591","102","2320","2518.6781999999657",""
"535fdb19-6dea-4403-b6d9-6cdc3177d406","contract-15","contract","pii","1","completed","true","3","4","2","1","0","638","61","2526","1643.8775999999489",""
"4dc7a32b-213a-47dc-8c4e-93ac3a099a8f","contract-14","contract","per_step","1","completed","true","0","1","0","1","0","591","100","2320","2473.907999999996",""
"ba50332a-1058-4713-a83a-28838da8c9a3","contract-16","contract","pii","1","failed","false","3","4","2","1","0","630","51","2518","1364.9755000000005","INVALID_OUTPUT: 问题分类缺失或无效。"
"28ba2fdf-0ad6-4882-b4fe-bf106ad91a90","contract-15","contract","entry","1","completed","true","0","1","0","1","0","589","95","2321","2397.340200000035",""
"2ec6c423-a379-42c2-9c57-09c7df108e45","contract-15","contract","per_step","1","completed","true","0","1","0","1","0","589","96","2321","2389.6389999999665",""
"94441d3a-6048-4bc1-92d5-a25fa61d6db3","contract-15","contract","joint","1","completed","true","0","1","0","1","0","589","98","2321","2457.9758999999613",""
"f42c5aac-7e3e-4c92-94fc-fad67ad2019b","contract-16","contract","entry","1","completed","false","0","1","0","1","0","582","86","2313","2203.103999999992",""
"13443953-765a-46ab-904c-1e2a9bd2437e","contract-16","contract","per_step","1","completed","false","0","1","0","1","0","582","83","2313","2094.716299999971",""
"9f1b3e92-1cff-474a-b18c-1cabe9389007","contract-16","contract","joint","1","completed","false","0","1","0","1","0","582","83","2313","2136.1910999999964",""
"255d44e5-2e68-40f5-81a2-58d0675fb842","contract-16","contract","full","1","completed","false","6","7","5","1","0","680","85","2664","2155.0319000000018",""
"0a069134-d18c-4bfc-839b-730769efe516","contract-17","contract","entry","1","completed","true","0","1","0","1","0","595","78","2339","2011.9076999999816",""
"43cbfbbd-b5d2-4e56-9e68-eecdf15c9d6b","contract-17","contract","full","1","completed","true","6","7","5","1","0","694","69","2690","1806.0256999999983",""
"8754f7a2-302c-461a-9496-9e7719f6fd95","contract-17","contract","per_step","1","completed","true","0","1","0","1","0","595","92","2339","2287.973100000003",""
"d7313762-4961-411c-88df-dfb9d1b9f8b5","contract-17","contract","joint","1","completed","true","0","1","0","1","0","595","79","2339","2290.2094000000507",""
"485ad902-e96f-48a9-9586-fe6a37bd69e7","contract-17","contract","pii","1","completed","true","3","4","2","1","0","644","71","2544","1879.675499999954",""
"4975c4fb-0c3d-4e52-9ac7-58d1b4e93cc8","contract-18","contract","per_step","1","completed","true","0","1","0","1","0","582","56","2301","1503.333099999989",""
"fa08f8a7-5088-4e66-981d-968efe36e167","contract-18","contract","joint","1","completed","true","0","1","0","1","0","582","75","2301","1916.3896999999997",""
"fa8c8dd9-b7ba-45fb-930a-3da71659f773","contract-18","contract","full","1","completed","true","6","7","5","1","0","680","54","2652","1506.9525999999605",""
"cc672a2f-d97d-4c61-b431-037633bc9e0b","contract-18","contract","pii","1","completed","true","3","4","2","1","0","630","55","2506","1487.7139999999781",""
"52f29760-96ee-413c-8f7a-78476cc23eb9","contract-18","contract","entry","1","completed","true","0","1","0","1","0","582","56","2301","1568.5215000000317",""
"b4df5554-2d71-4ae4-8001-722b0b691f25","contract-19","contract","joint","1","completed","true","0","1","0","1","0","585","51","2325","1429.190100000007",""
"4bb2d916-68ce-45ea-b668-6c89c74bc853","contract-19","contract","full","1","completed","true","6","7","5","1","0","684","92","2676","2275.22080000001",""
"5d8de7c5-f323-4e02-83a1-e03773d9aab0","contract-19","contract","entry","1","completed","true","0","1","0","1","0","585","59","2325","1967.1431999999913",""
"d06deb39-d1a7-49d0-9756-565641909c36","contract-19","contract","pii","1","completed","true","3","4","2","1","0","634","90","2530","2295.0306999999448",""
"df8e1bc1-cd9c-4e07-ac13-3f8c14a244d9","contract-19","contract","per_step","1","completed","true","0","1","0","1","0","585","53","2325","1510.4695000000065",""
"f0293955-ce31-42f8-88c3-26fd22e20e49","contract-20","contract","full","1","completed","false","6","7","5","1","0","686","68","2676","1829.4225999999908",""
"5f8909b5-8b5d-4e97-85f4-9695d0043516","contract-20","contract","entry","1","completed","true","0","1","0","1","0","588","54","2325","1532.7694999999949",""
"2a96ba4d-6363-4b03-96a8-344f91783097","contract-20","contract","per_step","1","completed","true","0","1","0","1","0","588","54","2325","1526.129499999981",""
"30b7fcc4-1ba3-4734-a0dd-cba25a879220","contract-20","contract","pii","1","completed","true","3","4","2","1","0","636","76","2530","2422.7505999999703",""
"2a600722-3020-45ff-a07c-24b2a84df497","contract-20","contract","joint","1","completed","true","0","1","0","1","0","588","77","2325","1949.6347999999998",""
"099b9928-2bdf-436d-ab11-5e1e97408764","contract-21","contract","per_step","1","completed","true","0","10","0","2","1","1127","159","5079","4069.935999999987",""
"616dfdad-5b0c-4992-b5e5-989359d6662c","contract-21","contract","pii","1","completed","true","10","20","6","2","1","1225","198","5837","4942.803899999999",""
"859f7bc3-8632-49d0-affc-7a92bda0b23c","contract-21","contract","entry","1","completed","true","1","11","0","2","1","1127","167","5234","4286.153699999966",""
"e43bb533-1fe0-4232-be24-16bf01c15c4f","contract-21","contract","joint","1","completed","true","0","10","0","2","1","1127","167","5079","4285.2650999999605",""
"348f4737-ac8b-4b94-88c7-e116f111836d","contract-22","contract","entry","1","completed","true","1","11","0","2","1","1119","144","5217","3809.12149999995",""
"6f023a4a-936d-4922-a4e1-b2dcee491794","contract-22","contract","per_step","1","completed","true","0","10","0","2","1","1119","142","5062","3705.9505000000354",""
"6e140088-093c-49ca-9e25-4d835fa2a7de","contract-21","contract","full","1","completed","true","19","29","15","2","1","1325","178","6263","4466.872099999979",""
"7105eea0-08b0-453d-b48b-1d717ae9aab2","contract-22","contract","joint","1","completed","true","0","10","0","2","1","1119","151","5062","4023.286699999997",""
"28978275-4721-492b-aa5b-534215e17875","contract-22","contract","full","1","completed","true","19","29","15","2","1","1315","147","6246","3831.5574999999953",""
"cecc5022-eb85-42d1-9bda-5718a2d19979","contract-22","contract","pii","1","completed","true","10","20","6","2","1","1215","151","5820","4050.260500000033",""
"715de3ab-bdc0-4443-b76e-7cc917b3fed8","contract-23","contract","per_step","1","completed","true","0","10","0","2","1","1120","149","5048","3963.5413999999873",""
"8be88219-84d5-40c5-8cbb-c4dceeb9a7bc","contract-23","contract","joint","1","completed","true","0","10","0","2","1","1120","148","5048","3835.4102999999886",""
"21bb26b6-2e4c-4d73-9f7f-374cac05c6a5","contract-23","contract","pii","1","completed","true","10","20","6","2","1","1218","159","5806","4081.0206999999937",""
"22621d18-2b03-4923-8552-18430c85dd53","contract-23","contract","entry","1","completed","true","1","11","0","2","1","1120","151","5203","4070.6917999999714",""
"33f9b8bc-78fb-4fb4-b7ba-b728a484331d","contract-23","contract","full","1","completed","true","19","29","15","2","1","1318","164","6232","4297.794900000037",""
"ea298600-9e11-4402-bb67-282c3c52c627","contract-24","contract","joint","1","completed","true","0","10","0","2","1","1123","147","5060","3949.1353000000236",""
"67a46bc8-8f62-4ae4-b8d8-13a08bbd1ed4","contract-24","contract","full","1","completed","true","19","29","15","2","1","1319","158","6244","4054.58540000004",""
"e8c42c2d-b3aa-4a8d-9629-28a88b500dea","contract-24","contract","pii","1","completed","true","10","20","6","2","1","1219","156","5818","3930.9066999999923",""
"5212c338-dc6e-4a00-ab19-02cf71466ccf","contract-24","contract","entry","1","completed","true","1","11","0","2","1","1123","149","5215","3899.817700000014",""
"f0fdafbc-d38c-4a30-b0d2-d6e7322e4a16","contract-24","contract","per_step","1","completed","true","0","10","0","2","1","1123","164","5060","4207.213699999964",""
"af7b147a-bfe5-4c47-9045-fee8168345b8","contract-25","contract","full","1","completed","true","19","29","15","2","1","1319","168","6245","4225.759199999971",""
"579c420f-b180-46a2-a050-cba008f0a3d7","contract-25","contract","pii","1","completed","true","10","20","6","2","1","1219","183","5819","4576.896299999964",""
"7f5dd610-7936-40a5-91b0-cb44c41373f7","contract-25","contract","entry","1","completed","true","1","11","0","2","1","1121","169","5216","4319.536599999992",""
"d25526be-5d20-4fc6-b42d-0894af78bfdd","contract-25","contract","per_step","1","completed","true","0","10","0","2","1","1121","170","5061","4319.415800000017",""
"581a7d12-32ce-4978-9eee-e9961318169b","contract-25","contract","joint","1","completed","true","0","10","0","2","1","1121","157","5061","4077.7690000000293",""
"9214ec1a-6dc5-4462-9490-db45afbba8fe","contract-26","contract","pii","1","completed","false","10","20","6","2","1","1210","163","5811","4281.061699999962",""
"88ce51af-b171-4c0e-8e1d-35b0ef0951b3","contract-26","contract","entry","1","failed","false","1","11","0","2","1","1114","168","5208","4290.385100000014","INVALID_OUTPUT: 问题分类缺失或无效。"
"2219df59-703b-49af-86ea-7a4973840dce","contract-26","contract","per_step","1","failed","false","0","10","0","2","1","1114","152","5053","3894.6165999999503","INVALID_OUTPUT: 问题分类缺失或无效。"
"a061672b-2ae9-46d1-b682-166d64dc48c7","contract-26","contract","joint","1","failed","false","0","10","0","2","1","1114","159","5053","4079.8125","INVALID_OUTPUT: 问题分类缺失或无效。"
"1f842551-c727-4602-a7d7-95d96cd4b579","contract-27","contract","entry","1","completed","true","1","11","0","2","1","1127","153","5234","4007.426000000036",""
"677c4494-6611-4489-983c-5280d8f7c574","contract-27","contract","per_step","1","completed","true","0","10","0","2","1","1127","138","5079","3683.134399999981",""
"adf0d6c3-77dc-498c-880d-9090174810e4","contract-26","contract","full","1","completed","false","19","29","15","2","1","1310","150","6237","4140.26059999998",""
"e35557be-6bb8-410b-85e5-b20f17c3ba01","contract-27","contract","joint","1","completed","true","0","10","0","2","1","1127","139","5079","3657.7041000000318",""
"442ac11c-7f91-460b-aa86-04b6a794d364","contract-27","contract","full","1","completed","true","19","29","15","2","1","1325","166","6263","4215.775400000042",""
"26633d76-a71e-4aaf-a1f4-67de9446b8b4","contract-27","contract","pii","1","completed","true","10","20","6","2","1","1225","163","5837","4171.444599999988",""
"532b70b1-35ce-481d-885f-e54847831ab3","contract-28","contract","per_step","1","completed","true","0","10","0","2","1","1114","160","5041","4114.089299999992",""
"d151862b-7528-4b9c-9ace-1e6396b88f3a","contract-28","contract","joint","1","completed","true","0","10","0","2","1","1114","159","5041","4067.4327999999514",""
"674310a7-5f8a-4073-a481-23cf6e6dad5c","contract-28","contract","entry","1","completed","true","1","11","0","2","1","1114","161","5196","4104.855699999956",""
"389d0c47-bb96-44af-ba9b-018f3cac04b8","contract-28","contract","full","1","completed","true","19","29","15","2","1","1310","176","6225","4544.928099999961",""
"d4a8d037-1d12-4e3a-a52e-e47387927d40","contract-28","contract","pii","1","completed","true","10","20","6","2","1","1210","163","5799","4214.370999999985",""
"e6f77d7e-3fb4-4730-b24d-28f269e30302","contract-29","contract","joint","1","completed","true","0","10","0","2","1","1117","146","5065","3771.988400000031",""
"3851a24f-fdf5-44e9-88a8-c57428bfe226","contract-29","contract","entry","1","completed","true","1","11","0","2","1","1117","145","5220","3776.1303999999654",""
"ba37470a-e501-4729-a1b5-a3ee516cb86c","contract-29","contract","pii","1","completed","true","10","20","6","2","1","1215","162","5823","4117.922199999972",""
"95b82c68-a202-4dde-8d0d-7e82495c88ea","contract-29","contract","per_step","1","completed","true","0","10","0","2","1","1117","149","5065","3890.6135999999824",""
"baff9ceb-ca3e-4c79-b68a-27f77c35d4b1","contract-29","contract","full","1","completed","true","19","29","15","2","1","1315","148","6249","6007.293500000029",""
"6794058c-a421-4a27-a73c-dc2cb188896d","contract-30","contract","full","1","completed","true","19","29","15","2","1","1316","158","6249","4089.041499999992",""
"f2254dd1-7098-42fd-9196-43fcabda9767","contract-30","contract","pii","1","completed","true","10","20","6","2","1","1216","147","5823","3790.2668000000413",""
"4069ae47-c352-4205-8d6a-2ba99f253498","contract-30","contract","entry","1","completed","true","1","11","0","2","1","1120","165","5220","4390.005899999989",""
"cf103ade-d957-43c1-9b96-4458a2c58b83","contract-30","contract","per_step","1","completed","true","0","10","0","2","1","1120","165","5065","4293.886400000018",""
"574e3cc3-6130-4c90-bff8-3a595c0ce98f","study-01","study","pii","1","completed","true","2","6","2","1","0","660","78","2614","1999.4347000000416",""
"0ac24da0-24ac-44ec-bb2d-6eb4fd0f9dd0","study-01","study","joint","1","completed","true","0","0","0","0","0","0","0","0","1.2630999999819323",""
"40260167-d0d5-431f-9505-e8e5e8740a3b","study-01","study","full","1","completed","true","5","9","5","1","0","699","77","2732","2012.4897999999812",""
"fbdb4e06-c223-4983-9a6e-590416beda5b","contract-30","contract","joint","1","completed","true","0","10","0","2","1","1120","167","5065","4266.1236999999965",""
"8bfadda4-c6ae-48f2-88f0-06735cf7c80e","study-01","study","entry","1","completed","true","0","4","0","1","0","629","82","2468","2197.0437000000384",""
"4db915ea-c414-4436-9976-46937f4d18c3","study-02","study","joint","1","completed","true","0","0","0","0","0","0","0","0","1.3850000000093132",""
"e7f5cf39-c0fb-4aa6-96f6-54258ef38acb","study-01","study","per_step","1","completed","true","0","4","0","1","0","629","82","2468","2136.8939000000246",""
"5669bb90-dbde-4a23-ba00-6f8247537b07","study-02","study","entry","1","completed","true","0","4","0","1","0","629","96","2468","2425.7691999999806",""
"f8244a3c-1f0b-4ddc-be9f-a93af655c700","study-02","study","per_step","1","completed","true","0","4","0","1","0","629","96","2468","2427.112299999979",""
"6d68e9f6-f386-4fbb-b482-f71a5f85419f","study-03","study","joint","1","completed","true","0","0","0","0","0","0","0","0","1.141399999964051",""
"fc7c2ac5-1e73-4b1e-b98a-2f8951b1594b","study-02","study","full","1","completed","true","5","9","5","1","0","699","93","2732","2301.184799999988",""
"5b36ee94-49f1-48de-8c3d-383c796db5c1","study-02","study","pii","1","completed","true","2","6","2","1","0","660","93","2614","2322.2996000000276",""
"e094b803-d297-416d-abb0-372e6c49ef6c","study-03","study","per_step","1","completed","true","0","4","0","1","0","629","77","2468","1969.1394999999902",""
"e45b6a27-d26f-4ec7-b7ae-5eed26ef9ed9","study-04","study","joint","1","completed","true","0","0","0","0","0","0","0","0","1.2681999999913387",""
"2c5d2ad3-fd69-4f80-8a7b-3dc139243e65","study-03","study","entry","1","completed","true","0","4","0","1","0","629","82","2468","2164.180400000012",""
"41572923-75d9-4c3c-b4a2-f7853029e02d","study-03","study","full","1","completed","false","5","9","5","1","0","699","137","2732","3279.747700000007",""
"ada63241-bdea-4142-95e8-53635d325062","study-03","study","pii","1","completed","false","2","6","2","1","0","660","139","2614","3308.949800000002",""
"79f4bac4-5a03-418a-bac8-eaac7ff78e93","study-04","study","full","1","completed","true","5","9","5","1","0","699","96","2732","2361.0937000000267",""
"bdb43517-d871-4f1f-9674-e77bdbd2d0af","study-04","study","pii","1","completed","true","2","6","2","1","0","660","92","2614","2282.742099999974",""
"dc05bc39-68ba-4b39-a385-a67cfbbd15a6","study-04","study","entry","1","completed","true","0","4","0","1","0","629","98","2468","2405.660600000003",""
"6d350aa5-62fb-4989-9a93-85ca2e36de35","study-04","study","per_step","1","completed","true","0","4","0","1","0","629","96","2468","2375.01880000002",""
"cbadc427-0884-401c-91b3-1321289d5ccb","study-05","study","full","1","completed","false","5","9","5","1","0","699","127","2732","3099.1506999999983",""
"8d30520e-6d1f-492a-b072-f9c1cb86ad22","study-05","study","joint","1","completed","true","0","0","0","0","0","0","0","0","1.1327000000164844",""
"d1ad923c-688b-4961-a797-8cd91da09d79","study-05","study","entry","1","completed","true","0","4","0","1","0","629","75","2468","1960.610100000049",""
"42f53747-c0de-48af-81d3-7190f9df41e7","study-05","study","per_step","1","completed","true","0","4","0","1","0","629","75","2468","1921.5599999999977",""
"67c591ea-ed93-4b26-ac26-3522fbd721ba","study-05","study","pii","1","completed","false","2","6","2","1","0","660","113","2614","2739.83759999997",""
"17d22f99-ab81-4535-86fd-d8dec2b1c8b5","study-06","study","joint","1","completed","true","0","0","0","0","0","0","0","0","1.1142000000108965",""
"6c532b30-2206-4442-a425-7e11b2713974","study-06","study","pii","1","completed","true","2","6","2","1","0","660","91","2614","2358.5683000000427",""
"22a0499e-ee90-46ae-b8c0-1df33bdd4c80","study-06","study","entry","1","completed","true","0","4","0","1","0","629","97","2468","2389.921000000031",""
"4b128b5a-13d1-4520-afc9-840a89c7ce23","study-06","study","per_step","1","completed","true","0","4","0","1","0","629","103","2468","2610.871899999969",""
"cf27b553-7fc7-42ec-a9ad-2b0ee99be373","study-07","study","joint","1","completed","true","0","0","0","0","0","0","0","0","1.2523999999975786",""
"b810ed10-ccbc-4d3b-91a2-ddfc3f73d745","study-06","study","full","1","completed","true","5","9","5","1","0","699","97","2732","2390.0731999999844",""
"ca657892-faf2-40f8-81bb-1e4161d9356a","study-07","study","entry","1","completed","true","0","4","0","1","0","629","117","2468","2955.1368000000366",""
"3f49ab9a-b97f-4388-b40b-fb430e1b123e","study-07","study","per_step","1","completed","true","0","4","0","1","0","629","111","2468","2773.1585000000196",""
"5a5df4c4-bbb2-4665-b929-ba699c7f5a9b","study-08","study","joint","1","completed","true","0","0","0","0","0","0","0","0","0.9385999999940395",""
"dab85631-9c79-4b11-8439-b3d489c4bd53","study-07","study","full","1","completed","true","5","9","5","1","0","699","114","2732","3021.1986000000034",""
"269bf9b7-832a-4b20-a19d-630523f68719","study-07","study","pii","1","completed","true","2","6","2","1","0","660","111","2614","2749.616699999955",""
"63ca107a-8714-4558-bcea-f790c29b9955","study-08","study","per_step","1","completed","true","0","4","0","1","0","629","88","2468","2303.5261000000173",""
"e03848bf-764a-4f91-a2de-27e7c35d187e","study-09","study","joint","1","completed","true","0","0","0","0","0","0","0","0","0.74910000001546",""
"811d4d2d-dbb6-4eea-bd81-c408ca9b60fe","study-08","study","full","1","completed","false","5","9","5","1","0","699","127","2732","3048.8942999999854",""
"ac99cffc-efa7-4101-ae23-200572c03cee","study-08","study","entry","1","completed","true","0","4","0","1","0","629","88","2468","2196.1734999999753",""
"90284cf1-68e4-40a1-90a6-f069a7b0db09","study-08","study","pii","1","completed","false","2","6","2","1","0","660","194","2614","4622.459000000032",""
"f9ed826d-bb0e-4414-a3a5-e2c70513236a","study-09","study","entry","1","completed","true","0","4","0","1","0","629","79","2468","2021.6942000000272",""
"f4f56c31-3164-4b79-b101-e9c458efc7d4","study-09","study","pii","1","completed","false","2","6","2","1","0","660","104","2614","2566.6648999999743",""
"58a6473f-f6ab-4350-8c78-cf9b0b038049","study-09","study","per_step","1","completed","true","0","4","0","1","0","629","79","2468","1990.9196999999695",""
"7bac76a7-8e39-4bfc-aa4e-ca2b410cb534","study-09","study","full","1","completed","false","5","9","5","1","0","699","213","2732","4977.945300000021",""
"bc8a8702-445d-40ec-a7fa-4c1b51ffbe5c","study-10","study","full","1","completed","true","5","9","5","1","0","703","94","2736","2368.204700000002",""
"b59858a8-c63e-4b2b-a590-3041d251c49a","study-10","study","joint","1","completed","true","0","0","0","0","0","0","0","0","0.9917000000132248",""
"eccc525e-8821-4b35-a367-2722ba5252e7","study-10","study","pii","1","completed","true","2","6","2","1","0","662","92","2616","2308.013500000001",""
"8838f37b-1054-48d8-8c0d-d3641045c3f7","study-10","study","entry","1","completed","true","0","4","0","1","0","629","100","2468","2455.398600000015",""
"e8967bc5-b79b-4d47-b521-678430264722","study-10","study","per_step","1","completed","true","0","4","0","1","0","629","99","2468","2706.234300000011",""
"9c37a991-c3ae-4a0b-be72-b5c551791eb0","study-11","study","entry","1","completed","true","0","1","0","1","0","591","69","2355","1865.7406000000192",""
"1241d47d-a19b-4abe-9749-179f883b2f04","study-11","study","pii","1","completed","true","2","3","2","1","0","624","94","2503","2362.860400000005",""
"85246d4d-4e17-49f8-ad54-544007a98b2b","study-11","study","per_step","1","completed","true","0","1","0","1","0","591","98","2355","2481.059499999974",""
"d72c86fb-5f0f-4a6e-bdcb-4d592ddb763d","study-12","study","entry","1","completed","true","0","1","0","1","0","590","82","2352","2042.2973999999813",""
"8e1a079a-09d8-48ac-a98c-fb4669dd3326","study-11","study","joint","1","completed","true","0","1","0","1","0","591","105","2355","2642.8548999999766",""
"ddeaa2ab-e402-4405-977a-d0b1b79974ad","study-11","study","full","1","completed","true","5","6","5","1","0","665","90","2623","2299.7074999999604",""
"0bd4ec53-efeb-4ad3-981e-07fb0d05ed7a","study-12","study","per_step","1","completed","true","0","1","0","1","0","590","64","2352","1667.1095000000205",""
"db8cdf04-4950-4721-92d7-5688b127c0e3","study-12","study","joint","1","completed","true","0","1","0","1","0","590","73","2352","1918.2931000000099",""
"db11ddbb-2814-4751-a494-a86445a2b8b5","study-12","study","pii","1","completed","true","2","3","2","1","0","623","79","2500","2013.4333000000333",""
"0f5c5413-1fe4-464a-bab4-3f58332b8d8a","study-12","study","full","1","completed","true","5","6","5","1","0","664","81","2620","2277.655700000003",""
"41256153-da66-40d0-85f2-24dfab418010","study-13","study","per_step","1","completed","true","0","1","0","1","0","587","64","2343","1710.2743999999948",""
"ee7c5195-c68b-470d-98b7-54e593fb9f72","study-13","study","joint","1","completed","true","0","1","0","1","0","587","83","2343","2164.4578999999794",""
"fb401e9e-a335-44b6-bbcd-ec2b50829775","study-13","study","pii","1","completed","true","2","3","2","1","0","620","76","2491","2040.5174000000115",""
"a101dd9e-510b-40ef-83d5-c82d386d8c57","study-13","study","full","1","completed","true","5","6","5","1","0","661","79","2611","2051.878700000001",""
"78f432b8-84ea-47eb-8e4c-505b05ac3f8b","study-13","study","entry","1","completed","true","0","1","0","1","0","587","75","2343","1935.13539999997",""
"542f7f0e-449c-4abd-8044-18ed9ab522ad","study-14","study","entry","1","completed","true","0","1","0","1","0","585","66","2328","1749.218600000022",""
"438254c3-ab22-468b-8d0e-b8c434c52887","study-14","study","joint","1","completed","true","0","1","0","1","0","585","82","2328","2096.3207000000402",""
"332c18a8-eb53-4cc9-9a21-4a7450a77a30","study-14","study","full","1","completed","true","5","6","5","1","0","659","79","2596","2068.2247000000207",""
"580dbd23-0b9a-4f6f-afe3-2a945012753b","study-14","study","pii","1","completed","true","2","3","2","1","0","618","91","2476","2270.6258999999845",""
"8535ba23-8b56-44db-9361-4061f91def0e","study-14","study","per_step","1","completed","true","0","1","0","1","0","585","58","2328","1523.4694000000018",""
"69ad637b-6fd6-458f-965b-8c5c13366172","study-15","study","full","1","completed","true","5","6","5","1","0","666","90","2604","2265.7119999999995",""
"1db3479f-73b0-4c01-a4f4-7cab3095475f","study-15","study","pii","1","completed","false","2","3","2","1","0","625","96","2484","2409.8201000000117",""
"4c53f30d-9128-4817-8ae8-b5782a45cc5b","study-15","study","entry","1","completed","true","0","1","0","1","0","592","95","2336","2369.5301000000327",""
"6a3795a2-d49e-450b-acf8-9649eb6be98e","study-15","study","per_step","1","completed","true","0","1","0","1","0","592","98","2336","2465.0054000000237",""
"93f86d2e-689b-417c-a51f-5ccf257bf736","study-16","study","entry","1","completed","true","0","1","0","1","0","588","81","2337","2029.8325000000186",""
"f142b26c-6e4b-4bfe-bafb-e53e60fbec23","study-15","study","joint","1","completed","true","0","1","0","1","0","592","95","2336","2289.7655000000377",""
"8b39b5a3-9fb5-45cb-9045-64c1437dcd6f","study-16","study","pii","1","completed","true","2","3","2","1","0","621","82","2485","2065.4721000000136",""
"0973b735-d392-4a81-a033-d7ccb3e526ce","study-16","study","joint","1","completed","true","0","1","0","1","0","588","64","2337","1695.6688999999897",""
"94231e69-d15c-47a7-8976-5046cd8c04ba","study-16","study","per_step","1","completed","true","0","1","0","1","0","588","87","2337","2202.8194000000367",""
"83bc1fa8-0079-47b7-8b1f-610a3121bfc8","study-17","study","entry","1","completed","true","0","1","0","1","0","584","60","2322","1636.052500000049",""
"bbd42b1b-773c-4c4f-862d-70b2b91c2d59","study-16","study","full","1","completed","true","5","6","5","1","0","662","82","2605","2061.6349000000046",""
"37449f0d-21df-4bf7-95ce-ff908f9c1c91","study-17","study","joint","1","completed","true","0","1","0","1","0","584","78","2322","1972.323299999989",""
"eb578942-4725-40db-8434-33baf8d7b456","study-17","study","full","1","completed","true","5","6","5","1","0","658","77","2590","1939.3386999999639",""
"2991bbcb-4b58-4a94-8e59-1b531978536f","study-17","study","per_step","1","completed","true","0","1","0","1","0","584","78","2322","2089.784900000028",""
"8eceb1c5-63cf-4ef0-ba5a-ceb0e951b9fa","study-17","study","pii","1","completed","true","2","3","2","1","0","617","69","2470","1870.5138000000152",""
"2c7893d5-964d-4999-8090-d8dbc159202f","study-18","study","per_step","1","completed","true","0","1","0","1","0","587","84","2337","2099.0881999999983",""
"226162bf-6449-45a1-a952-ce5a9dd34dd5","study-18","study","joint","1","completed","true","0","1","0","1","0","587","84","2337","2111.7938999999897",""
"b872d98f-2b1e-4a8a-a3ff-e9ead9d4b5c4","study-18","study","full","1","completed","true","5","6","5","1","0","661","86","2605","2136.1069000000134",""
"9db265f0-c93a-4648-bbea-9132ba27967b","study-18","study","pii","1","completed","true","2","3","2","1","0","620","84","2485","2154.751500000013",""
"4313b6cf-85d3-433a-9ed8-fa2185ca5b4a","study-18","study","entry","1","completed","true","0","1","0","1","0","587","84","2337","2135.508199999982",""
"8144eb3e-ed9e-4c86-8422-c976369fcce7","study-19","study","joint","1","completed","true","0","1","0","1","0","590","86","2352","2147.959099999978",""
"b52aa15d-8392-4466-8bc2-c4006aa3bc23","study-19","study","full","1","completed","true","5","6","5","1","0","664","88","2620","2187.1365000000224",""
"8b44d0c9-da5c-4ade-9aff-0cc06812e147","study-19","study","pii","1","completed","true","2","3","2","1","0","623","87","2500","2250.378299999982",""
"67547710-3111-49c6-84f2-6df1776e6835","study-19","study","per_step","1","completed","true","0","1","0","1","0","590","58","2352","1552.8008000000264",""
"998fbd4e-7351-44df-a469-bfce18ab85c8","study-19","study","entry","1","completed","true","0","1","0","1","0","590","86","2352","2206.445699999982",""
"a1c9b7ce-4376-43d9-9eff-b7e6a23fd044","study-20","study","pii","1","completed","false","2","3","2","1","0","620","82","2482","2039.5287000000244",""
"5e0b9110-a308-4bd2-a751-0177a5a0a141","study-20","study","full","1","completed","false","5","6","5","1","0","661","82","2602","2133.144800000009",""
"e4543bb3-f538-4ce6-a470-198d42e33475","study-20","study","entry","1","completed","true","0","1","0","1","0","587","103","2334","2498.2909999999683",""
"ba804c2f-7035-420b-8f1f-f682703241ea","study-20","study","per_step","1","completed","false","0","1","0","1","0","587","82","2334","2054.5793000000413",""
"cb0f2522-83d4-4a01-8b65-57ec203d9116","study-20","study","joint","1","completed","false","0","1","0","1","0","587","91","2334","2313.319599999988",""
"2b671a6a-9946-40b5-bb4c-fdec31a00004","study-21","study","pii","1","completed","true","7","17","6","2","1","1192","160","5747","4433.433599999989",""
"05cb37b5-11ee-41d1-923e-04f964ecc20b","study-21","study","entry","1","completed","true","1","11","0","2","1","1126","159","5311","4033.826000000001",""
"16ecd5fc-7612-4b0a-86f8-f4289bd2e92b","study-21","study","per_step","1","completed","true","0","10","0","2","1","1126","159","5182","4063.521999999997",""
"9ef5523a-0dee-4c58-86ee-bf928b75f98e","study-21","study","joint","1","completed","true","0","10","0","2","1","1126","159","5182","4087.627600000007",""
"690205ea-3318-4b50-a57a-84c95df4b728","study-21","study","full","1","completed","true","16","26","15","2","1","1274","160","6095","4073.7070999999996",""
"6883479b-fcc7-41c7-b008-1beb2960af5d","study-22","study","entry","1","completed","true","1","11","0","2","1","1123","158","5299","4051.9219999999623",""
"e1576957-b7bf-4d5a-8fcd-e0836a7df143","study-22","study","per_step","1","completed","true","0","10","0","2","1","1123","142","5173","3674.933400000038",""
"636b2501-a73e-4523-ab39-1c34b21e048c","study-22","study","joint","1","completed","true","0","10","0","2","1","1123","138","5173","3616.885600000038",""
"9841eac2-9b08-41dc-96ce-be03f4ba88f4","study-22","study","full","1","completed","true","16","26","15","2","1","1271","145","6083","3789.852599999984",""
"e774c193-eb0b-4fb0-abd2-2b87ab957945","study-23","study","per_step","1","completed","true","0","10","0","2","1","1114","136","5146","3595.236200000043",""
"c444c727-55c0-4e50-87cf-43a812533d2f","study-23","study","joint","1","completed","true","0","10","0","2","1","1114","136","5146","3585.203199999989",""
"cb4c291a-7263-4f0e-bffe-222a94900c11","study-22","study","pii","1","completed","true","7","17","6","2","1","1189","169","5735","4610.565999999992",""
"eb19cdd2-3e19-4205-8298-55ad09ff6aba","study-23","study","full","1","completed","true","16","26","15","2","1","1262","140","6047","3670.9084999999614",""
"eb205e98-faca-4a28-a2d0-e39948cf15a1","study-23","study","pii","1","completed","true","7","17","6","2","1","1180","153","5699","3948.1295999999857",""
"099c5372-410e-46f5-9de9-831e466d1c8a","study-23","study","entry","1","completed","true","1","11","0","2","1","1114","140","5263","3650.024800000014",""
"2451a9c0-9c83-426c-a11e-e94f91153eb5","study-24","study","joint","1","completed","true","0","10","0","2","1","1108","138","5101","3543.2307000000146",""
"2eaf2947-b87d-4740-8d91-8882e8f71287","study-24","study","full","1","completed","true","16","26","15","2","1","1256","135","5987","3577.3185999999987",""
"c8c1527b-dcf6-4cb7-ad68-fd2002175266","study-24","study","pii","1","completed","true","7","17","6","2","1","1174","151","5639","3932.9212999999872",""
"ae72e3ce-9c1f-4aef-9970-14fa6fffc905","study-24","study","entry","1","completed","true","1","11","0","2","1","1108","138","5203","3607.3767000000225",""
"7d00fb46-a8ac-4182-8f89-d23bd340d079","study-24","study","per_step","1","completed","true","0","10","0","2","1","1108","138","5101","3650.8864000000176",""
"cc7723b6-b9f6-4535-8e9f-bbe2b515e7ec","study-25","study","full","1","completed","false","16","26","15","2","1","1277","150","6019","3880.7870999999577",""
"fdb5ebd8-e209-44ec-bdaf-7271cfb53a98","study-25","study","pii","1","completed","false","7","17","6","2","1","1195","144","5671","3723.039300000004",""
"21c2b1c8-0ab1-4a83-8a8b-a7692a43e5b4","study-25","study","entry","1","completed","false","1","11","0","2","1","1129","148","5235","3777.1884999999893",""
"8da0b1cf-f17f-4115-afd9-7db51d596482","study-25","study","per_step","1","completed","false","0","10","0","2","1","1129","148","5125","3797.9223999999813",""
"fb8d2d30-e325-4f5a-9be1-041d5eea6cfd","study-25","study","joint","1","completed","false","0","10","0","2","1","1129","144","5125","3678.5914999999804",""
"ca32959e-c037-4ace-af63-3e7cb17ecbdc","study-26","study","pii","1","completed","true","7","17","6","2","1","1183","158","5675","4079.7519999999786",""
"c88f4b07-02fb-4c6d-80c8-3d6457c61a73","study-26","study","entry","1","completed","true","1","11","0","2","1","1117","144","5239","3666.3030000000144",""
"594d9d70-21c4-4a30-948d-cefb2d73cad1","study-26","study","per_step","1","completed","true","0","10","0","2","1","1117","148","5128","3797.1346000000485",""
"ea51c8b5-0d17-4a2a-8f6e-ff835e92eea1","study-26","study","joint","1","completed","true","0","10","0","2","1","1117","149","5128","3865.1468999999925",""
"46081873-c154-4931-930e-a70bacf8590f","study-26","study","full","1","completed","true","16","26","15","2","1","1265","142","6023","3674.6476000000257",""
"53efa594-2386-496c-8865-135cecc24bd1","study-27","study","entry","1","completed","false","1","11","0","2","1","1105","143","5179","3700.453999999969",""
"3fa5add8-c753-4bd0-91e6-34add29d0655","study-27","study","per_step","1","completed","false","0","10","0","2","1","1105","144","5083","3726.208800000022",""
"1f95e325-85c8-43c7-8b4d-f3bfecadc1e2","study-27","study","full","1","completed","true","16","26","15","2","1","1253","134","5963","3528.829800000007",""
"f2b9d476-68f2-4436-b333-b04a8b1be527","study-27","study","joint","1","completed","false","0","10","0","2","1","1105","144","5083","4230.669500000018",""
"ca466cb4-159b-4feb-b7da-365c29060c18","study-27","study","pii","1","completed","false","7","17","6","2","1","1171","138","5615","3562.7474999999977",""
"1aa1ca08-f6d6-4545-9f31-6d52a84edaeb","study-28","study","per_step","1","completed","true","0","10","0","2","1","1114","145","5128","3682.9848999999813",""
"24b449ae-6b81-4e25-a80a-46b6e00a4fa7","study-28","study","joint","1","completed","true","0","10","0","2","1","1114","137","5128","3565.7746000000043",""
"ad0d4828-2340-4f4b-ba33-ebc3edc46b30","study-28","study","full","1","completed","true","16","26","15","2","1","1262","159","6023","4012.2180999999982",""
"a786b098-da85-4939-8ab3-9f4989e5b52b","study-28","study","pii","1","completed","true","7","17","6","2","1","1180","151","5675","3908.082700000028",""
"0bce4b0a-93b5-46a7-ba7a-87fc5831a888","study-28","study","entry","1","completed","true","1","11","0","2","1","1114","138","5239","3625.153500000015",""
"089686be-40d5-4ab2-89ed-ac0b785e0c67","study-29","study","joint","1","completed","true","0","10","0","2","1","1123","141","5173","3620.9723999999696",""
"93caa2e8-174f-491c-b14e-b70c742b4c2f","study-29","study","full","1","completed","true","16","26","15","2","1","1271","145","6083","3788.504799999995",""
"2e8b365a-37d5-425e-b88e-241dee677a55","study-29","study","pii","1","completed","true","7","17","6","2","1","1189","138","5735","3630.0231000000495",""
"59d42dc1-3193-4c76-bdca-cd209626bb9d","study-29","study","entry","1","completed","true","1","11","0","2","1","1123","146","5299","3868.6408999999985",""
"450a396a-9a38-488e-87b3-2a1daea3c5ae","study-29","study","per_step","1","completed","true","0","10","0","2","1","1123","142","5173","3647.1447000000044",""
"c3758ea9-cae6-4dcc-bf46-552199c9af3b","study-30","study","pii","1","completed","false","7","17","6","2","1","1180","161","5663","4112.259399999981",""
"e810068c-da0b-4d58-a73f-d899ac064b71","study-30","study","entry","1","completed","false","1","11","0","2","1","1114","157","5227","4031.825899999996",""
"9764d09a-f70f-42d5-81ed-9350f26f3ed5","study-30","study","full","1","completed","false","16","26","15","2","1","1262","161","6011","4262.395499999984",""
"d8acbf16-8b22-4179-a468-bb94a4109b07","contract-01","contract","entry","2","completed","true","0","3","0","1","0","599","83","2330","2131.7944000000134",""
"3bd0b6ee-efad-4562-a581-c887db8c8836","contract-01","contract","joint","2","completed","true","0","0","0","0","0","0","0","0","1.0106999999843538",""
"76fefd92-502d-4707-9900-1cddf66677f5","study-30","study","per_step","1","completed","false","0","10","0","2","1","1114","157","5119","4007.013800000015",""
"a8ddd6a2-b0eb-4525-9f9b-41558f06c276","contract-01","contract","per_step","2","completed","true","0","3","0","1","0","599","83","2330","2093.824100000027",""
"b8c2d94e-24a8-449e-8d6f-15e5e564914f","study-30","study","joint","1","completed","false","0","10","0","2","1","1114","161","5119","4129.182799999951",""
"3338ddf2-7579-48d2-9b95-5cd8de1103c7","contract-02","contract","joint","2","completed","true","0","0","0","0","0","0","0","0","1.0332000000053085",""
"1d707b13-84b9-4c0b-aaf7-d8f47d3b5bda","contract-02","contract","per_step","2","completed","false","0","3","0","1","0","599","50","2330","1386.1491000000387",""
"1eb628d9-8de0-4681-871e-11f529b9e457","contract-01","contract","full","2","completed","true","6","9","5","1","0","693","81","2676","2178.2105000000447",""
"2cc91315-6b10-46e7-b511-a50af680b783","contract-01","contract","pii","2","completed","true","3","6","2","1","0","646","111","2533","2702.8239000000176",""
"93af48ff-c410-4fe2-a7ed-42581e439e7c","contract-03","contract","joint","2","completed","true","0","0","0","0","0","0","0","0","0.9760000000242144",""
"d475a12e-bf65-499c-a38a-ef16edfe5955","contract-02","contract","full","2","completed","true","6","9","5","1","0","692","59","2676","1604.1338000000105",""
"ac646fac-0b59-46fe-869d-4f188712f1d0","contract-02","contract","pii","2","completed","false","3","6","2","1","0","645","60","2533","1601.959899999958",""
"4be507fd-ce2e-4775-9009-ac560ab349d5","contract-02","contract","entry","2","completed","false","0","3","0","1","0","599","50","2330","1393.9110000000219",""
"9b4ea9bd-9971-444a-a94e-b8a39796745b","contract-03","contract","full","2","completed","true","7","9","5","1","0","692","99","2665","2489.1855000000214",""
"27cd2c3c-bb07-4373-a8ba-257b2a17f663","contract-03","contract","entry","2","completed","true","0","2","0","1","0","589","66","2301","1911.8368999999948",""
"55658bed-43ff-4ddd-99c9-b327a8075782","contract-03","contract","pii","2","completed","true","4","6","2","1","0","645","99","2522","2459.105199999991",""
"078249b0-32c7-4581-ad7b-71ac495f0da8","contract-03","contract","per_step","2","completed","true","0","2","0","1","0","589","73","2301","1885.5317000000505",""
"89ec5ff5-0b22-44a7-9154-7560faaadf2c","contract-04","contract","entry","2","completed","true","0","2","0","1","0","589","53","2301","1451.9386999999988",""
"ac15dabe-7528-4a45-a789-8800dd28193c","contract-04","contract","joint","2","completed","true","0","0","0","0","0","0","0","0","1.2072000000043772",""
"efb03691-e673-45d0-815e-7e21fc109bb9","contract-04","contract","per_step","2","completed","true","0","2","0","1","0","589","53","2301","1437.658700000029",""
"3596ee03-eeca-4092-af0b-e321a05a3a00","contract-04","contract","full","2","completed","false","7","9","5","1","0","691","115","2665","2819.8449000000255",""
"844127b1-94a2-4d98-9965-f82bd7320cf0","contract-04","contract","pii","2","completed","false","4","6","2","1","0","644","97","2522","2448.683000000019",""
"d778b943-6b2c-4012-85d5-8125e0a69398","contract-05","contract","joint","2","completed","true","0","0","0","0","0","0","0","0","1.1781000000191852",""
"579226f2-24cf-4a61-9bd0-3ae475f340b8","contract-05","contract","pii","2","completed","false","3","6","2","1","0","658","143","2570","3465.5342999999993",""
"ad62795e-d540-4c7c-8e59-f663eaa674d4","contract-05","contract","entry","2","completed","false","0","3","0","1","0","611","170","2367","4005.195000000007",""
"4f1c3d5c-6027-46dd-848e-308da95f84c0","contract-05","contract","per_step","2","completed","false","0","3","0","1","0","611","146","2367","3505.501899999974",""
"6e143ea3-541d-4b7e-af34-0f956f6a978b","contract-06","contract","joint","2","completed","true","0","0","0","0","0","0","0","0","1.134699999995064",""
"bdd46748-7e7f-421d-a681-5ef068af0946","contract-05","contract","full","2","completed","false","6","9","5","1","0","705","132","2713","3204.104099999997",""
"85a4545e-cc56-4093-a68f-3d9c06345506","contract-06","contract","entry","2","completed","true","0","3","0","1","0","611","56","2367","1555.782899999991",""
"c8b2d5ce-7248-4430-b78a-fd02b9aabe74","contract-06","contract","per_step","2","completed","true","0","3","0","1","0","611","56","2367","1534.3261000000057",""
"3de4c769-cf10-40dc-8cbf-9e53b5e107c1","contract-07","contract","joint","2","completed","true","0","0","0","0","0","0","0","0","0.9891000000061467",""
"5d7d97e8-ee04-4015-a664-a69cb81a4169","contract-06","contract","full","2","completed","false","6","9","5","1","0","704","113","2713","2776.297499999986",""
"58a1b929-a05d-4b17-b73c-520b8b50b1ab","contract-06","contract","pii","2","completed","false","3","6","2","1","0","657","89","2570","2210.8126000000047",""
"0acfdddd-e2d1-4ef2-93cc-32b8bce4053e","contract-07","contract","per_step","2","completed","true","0","2","0","1","0","599","84","2337","2108.2786000000197",""
"8df3decb-0d4a-446c-b9b7-30eacb17772c","contract-08","contract","joint","2","completed","true","0","0","0","0","0","0","0","0","1.1660999999730848",""
"8bcf931f-e62a-4c92-a7c7-51d5c8c6c881","contract-07","contract","full","2","completed","true","7","9","5","1","0","702","83","2701","2086.2296000000206",""
"60ca7bf6-ec03-449e-bf12-aab6fb2e62ed","contract-07","contract","pii","2","completed","true","4","6","2","1","0","655","105","2558","2590.834099999978",""
"63494dde-d85e-4260-a90e-6c3e35effc5f","contract-07","contract","entry","2","completed","true","0","2","0","1","0","599","109","2337","2680.861200000043",""
"938d37fd-81bc-4dff-b746-e5e7e257d464","contract-08","contract","full","2","completed","true","7","9","5","1","0","701","88","2701","2254.7289000000455",""
"83befd44-5615-4768-ad56-c9883f5eb590","contract-08","contract","pii","2","completed","true","4","6","2","1","0","654","83","2558","2090.1456999999937",""
"9b6ab329-de20-4f1f-9f93-cd667b69c88b","contract-08","contract","entry","2","completed","true","0","2","0","1","0","599","58","2337","1549.1009000000195",""
"e484c2cf-f5ea-49c4-8471-14b64702b90b","contract-08","contract","per_step","2","completed","true","0","2","0","1","0","599","52","2337","1415.0817999999854",""
"2e931ab8-17ef-4bdd-8b53-618e90ff6163","contract-09","contract","full","2","completed","true","7","9","5","1","0","699","98","2681","2575.855200000049",""
"d53f4385-bd9e-4eb3-adb0-54cc4fc214ba","contract-09","contract","joint","2","completed","true","0","0","0","0","0","0","0","0","1.3362999999662861",""
"b9404614-ae50-438c-9731-ddb0d348fe3a","contract-09","contract","pii","2","completed","true","4","6","2","1","0","652","101","2538","2525.472699999984",""
"511bb884-b09e-4722-ac98-c74161968192","contract-09","contract","entry","2","completed","false","0","2","0","1","0","596","88","2317","2193.579800000007",""
"526d59c3-7d65-4319-b1b3-e549c0ca0ff0","contract-10","contract","entry","2","completed","false","0","2","0","1","0","596","50","2317","1373.5221999999485",""
"20495b18-4a37-4a19-b056-b2e52f58fa26","contract-10","contract","joint","2","completed","true","0","0","0","0","0","0","0","0","1.0525999999954365",""
"635cc5b7-69e6-4eba-96ce-6e6dfe5e8469","contract-10","contract","per_step","2","completed","false","0","2","0","1","0","596","50","2317","1352.851399999985",""
"cdd2bdb1-41cf-44fb-b49e-bf7f425bb3eb","contract-09","contract","per_step","2","completed","false","0","2","0","1","0","596","215","2317","5055.6348",""
"f576bfba-4710-4ee0-bf36-3840cd33ea9d","contract-10","contract","pii","2","completed","false","4","6","2","1","0","653","86","2540","2185.4451000000117",""
"f2ca8cc6-4b27-451b-b17b-c7c6330610f0","contract-11","contract","entry","2","completed","true","0","1","0","1","0","595","74","2339","1901.8364999999758",""
"cc37e2a9-6948-418d-a51c-c79b6b86ffef","contract-11","contract","per_step","2","completed","true","0","1","0","1","0","595","74","2339","1984.2905000000028",""
"405fae45-6f6f-42e9-bf57-5e13355e65ee","contract-11","contract","joint","2","completed","true","0","1","0","1","0","595","76","2339","1939.554199999955",""
"c42d7ab0-ceb0-43d1-b66e-5248fd375a8d","contract-10","contract","full","2","completed","false","7","9","5","1","0","703","93","2686","2320.31170000002",""
"2bcaa9a6-867e-4449-91bd-6a38597ddb79","contract-11","contract","full","2","completed","true","6","7","5","1","0","694","82","2690","2073.4650000000256",""
"6f76c9ce-cc36-4aeb-a846-ab22e4812593","contract-12","contract","joint","2","completed","true","0","1","0","1","0","587","51","2322","1413.3426000000327",""
"be4ac1f8-d0e9-4b90-a530-bc1882fdffa2","contract-11","contract","pii","2","completed","true","3","4","2","1","0","644","86","2544","2188.061699999962",""
"7c2a51cb-b58b-4b4e-b2e2-1fcae461b049","contract-12","contract","per_step","2","completed","true","0","1","0","1","0","587","78","2322","2379.079800000007",""
"598deee0-e7c7-4067-97fd-1be293710959","contract-12","contract","full","2","completed","true","6","7","5","1","0","685","61","2673","1647.0804999999818",""
"85c335a4-fdb1-4e6d-8d7e-8c46177e3313","contract-12","contract","pii","2","completed","true","3","4","2","1","0","635","63","2527","1649.4988000000012",""
"ffdb7f65-17ef-42fc-80cf-9ab76518eec8","contract-12","contract","entry","2","completed","true","0","1","0","1","0","587","71","2322","1885.8081000000238",""
"4070a036-f34b-4a93-b7dc-9f5dd27764d1","contract-13","contract","joint","2","completed","true","0","1","0","1","0","588","89","2308","2263.8036999999895",""
"c753d7e7-88cf-4e59-bfac-fcfe756aef4c","contract-13","contract","full","2","completed","true","6","7","5","1","0","687","88","2659","2180.965499999991",""
"3ad3275e-c123-4fd9-b4ee-9d3aefb309a7","contract-13","contract","pii","2","completed","true","3","4","2","1","0","637","81","2513","2134.5780999999843",""
"d763d004-13ef-4830-b14e-675aee6a1401","contract-13","contract","entry","2","completed","true","0","1","0","1","0","588","88","2308","2478.0207999999984",""
"87bf985d-420c-41a7-971e-c74b23c35f94","contract-13","contract","per_step","2","completed","true","0","1","0","1","0","588","89","2308","2251.140999999945",""
"352362ec-cd0d-44f7-8f56-025ca7752887","contract-14","contract","full","2","completed","true","6","7","5","1","0","689","72","2671","1909.3510000000242",""
"f64f1530-0757-4a0d-95c8-83c8ca009431","contract-14","contract","pii","2","completed","true","3","4","2","1","0","639","56","2525","1503.5823999999557",""
"fa74943f-6def-4e99-9adf-6f0c78a19160","contract-14","contract","entry","2","completed","true","0","1","0","1","0","591","100","2320","2460.2175999999745",""
"18297b1f-03cc-4d5a-90bf-0aae85f07ffd","contract-15","contract","pii","2","completed","true","3","4","2","1","0","638","57","2526","1569.575300000026",""
"a32fd926-1e00-4697-9801-cbb50db122cf","contract-14","contract","per_step","2","completed","true","0","1","0","1","0","591","94","2320","2435.297499999986",""
"71107635-fec7-4cc6-84fe-80ec4f3dbdd7","contract-14","contract","joint","2","completed","true","0","1","0","1","0","591","97","2320","2419.379399999976",""
"c70d4962-fed7-4474-bfd3-15405ae2058b","contract-15","contract","entry","2","completed","true","0","1","0","1","0","589","64","2321","1855.7626000000164",""
"ef47f62a-21b3-4af4-89ad-2725b4b62f90","contract-15","contract","per_step","2","completed","true","0","1","0","1","0","589","57","2321","1553.9030000000494",""
"f8b8caa5-9850-41c4-a5ea-857e07a8d3ca","contract-15","contract","joint","2","completed","true","0","1","0","1","0","589","64","2321","1747.9895999999717",""
"94d16652-dc76-4fa2-b815-b394efedae37","contract-15","contract","full","2","completed","true","6","7","5","1","0","688","59","2672","1532.0808999999426",""
"44c005bb-cf35-4b20-acde-f410ce609256","contract-16","contract","entry","2","completed","false","0","1","0","1","0","582","86","2313","2187.9712999999756",""
"e3c0a0e6-be3c-4d13-bc02-33093176e7ca","contract-16","contract","per_step","2","completed","false","0","1","0","1","0","582","85","2313","2148.4272000000346",""
"3d1cf8c9-fd83-4ad5-a3b8-aea7aa588554","contract-16","contract","joint","2","failed","false","0","1","0","1","0","582","87","2313","2279.232399999979","INVALID_OUTPUT: 问题分类缺失或无效。"
"9370252d-b837-427f-9514-f37d5a630d03","contract-16","contract","full","2","failed","false","6","7","5","1","0","680","88","2664","2227.3661999999313","INVALID_OUTPUT: 问题分类缺失或无效。"
"767e945c-9134-4cf8-9154-11ea8ba7ee4e","contract-16","contract","pii","2","failed","false","3","4","2","1","0","630","50","2518","1368.3293000000995","INVALID_OUTPUT: 问题分类缺失或无效。"
"af17e641-d94c-4c61-9043-206547587e07","contract-17","contract","full","2","completed","true","6","7","5","1","0","694","76","2690","1957.8329999999842",""
"8a4cbcd8-d7d5-4769-92be-b31ce1cef457","contract-17","contract","per_step","2","completed","true","0","1","0","1","0","595","108","2339","2641.763399999938",""
"0961b18b-3f51-4a2c-b82f-699281c9a564","contract-17","contract","pii","2","completed","true","3","4","2","1","0","644","68","2544","1792.8680000000168",""
"01858c0f-c4de-4e2e-bce0-030fe991834b","contract-17","contract","joint","2","completed","true","0","1","0","1","0","595","99","2339","2471.363699999987",""
"b888a863-2a0f-4fce-b810-b663c952bc8a","contract-17","contract","entry","2","completed","true","0","1","0","1","0","595","71","2339","1859.1034999999683",""
"2c58da01-0d30-4aa8-9abe-cda118c6e743","contract-18","contract","joint","2","completed","true","0","1","0","1","0","582","53","2301","1646.5822999998927",""
"fb10727f-4afc-420b-974d-1bef491cbaf7","contract-18","contract","full","2","completed","true","6","7","5","1","0","680","53","2652","1464.8005999999586",""
"563b20ea-c13e-4a9f-a666-b9d33d6f77d3","contract-18","contract","pii","2","completed","true","3","4","2","1","0","630","57","2506","1568.6796999999788",""
"11d45cca-b21a-40ae-a4c7-c49fb4e1ba4d","contract-18","contract","entry","2","completed","true","0","1","0","1","0","582","53","2301","1455.4729000000516",""
"8f404ae3-e568-4e1c-8898-c4c414d61c6c","contract-18","contract","per_step","2","completed","true","0","1","0","1","0","582","56","2301","1577.3061999999918",""
"86fd0dac-037b-49e4-ad57-64665967c138","contract-19","contract","full","2","completed","true","6","7","5","1","0","684","66","2676","1751.6593000000576",""
"6a0f2970-81ac-4508-9b91-60e37d7f36aa","contract-19","contract","pii","2","completed","true","3","4","2","1","0","634","59","2530","1657.3237000000663",""
"4b819533-c7a9-4266-bed1-ce9f735bbcc0","contract-19","contract","entry","2","completed","true","0","1","0","1","0","585","65","2325","1781.888500000001",""
"bf55ef7d-fafd-47b8-b578-8e973ae122ca","contract-19","contract","joint","2","completed","true","0","1","0","1","0","585","63","2325","1679.1938999999547",""
"1a534366-1ff2-4e52-b995-f5ca86c8b748","contract-19","contract","per_step","2","completed","true","0","1","0","1","0","585","54","2325","1566.5146999999415",""
"2f885ce0-32e5-4dad-8d47-42943d794ba2","contract-20","contract","pii","2","completed","true","3","4","2","1","0","636","68","2530","1809.1184000000358",""
"f28898f2-63e4-46ac-bafa-cbd316e11803","contract-20","contract","entry","2","completed","true","0","1","0","1","0","588","55","2325","1539.519100000034",""
"67558d06-1999-4ac0-adb1-c5ef8b40782a","contract-20","contract","per_step","2","completed","true","0","1","0","1","0","588","54","2325","1452.3050000000512",""
"40df0cd6-4537-4d95-a7d7-d67f9780d1c5","contract-20","contract","joint","2","completed","true","0","1","0","1","0","588","55","2325","1496.0851000000257",""
"ba2de8e8-1692-4967-aa81-7b034cb41c52","contract-20","contract","full","2","completed","false","6","7","5","1","0","686","56","2676","1514.5034999999916",""
"d6b50c0d-81a8-4c20-8e9b-7b2564a32541","contract-21","contract","entry","2","completed","true","1","11","0","2","1","1127","159","5234","4188.297600000049",""
"88508bbe-8ec5-4798-b9dd-c6b662f8d56f","contract-21","contract","per_step","2","completed","true","0","10","0","2","1","1127","165","5079","4213.709199999925",""
"d2d08001-7b6d-457f-a472-9d47a2d13052","contract-21","contract","joint","2","completed","true","0","10","0","2","1","1127","165","5079","4208.004899999942",""
"7f8e48fe-10ca-467a-b78a-289348e628a7","contract-21","contract","full","2","completed","true","19","29","15","2","1","1325","191","6263","4799.964200000046",""
"ff0f3519-03ca-4f83-8c00-7a94fb0a4f02","contract-22","contract","per_step","2","completed","true","0","10","0","2","1","1119","142","5062","3754.1870000000345",""
"69943fdf-f700-4465-a0a1-fa346a02811a","contract-22","contract","joint","2","completed","true","0","10","0","2","1","1119","144","5062","3770.051899999962",""
"859903a6-b769-4d15-842e-70c108cb1853","contract-22","contract","full","2","completed","true","19","29","15","2","1","1315","156","6246","3953.8238999999594",""
"1368a997-971c-4034-a9c7-d8243751ec04","contract-21","contract","pii","2","completed","true","10","20","6","2","1","1225","184","5837","4657.641500000027",""
"257a412b-12ea-498a-82ee-f23182d0e010","contract-22","contract","pii","2","completed","true","10","20","6","2","1","1215","150","5820","3854.8622999999207",""
"f07eedf9-1a1a-46b4-bbde-010819debac7","contract-22","contract","entry","2","completed","true","1","11","0","2","1","1119","145","5217","3778.4292999999598",""
"18f5d0d5-73c0-4427-a8bc-44d2d0380ee9","contract-23","contract","joint","2","completed","true","0","10","0","2","1","1120","151","5048","3913.4466999999713",""
"cef43eb6-37fa-469e-849e-bf1877028b6d","contract-23","contract","full","2","completed","true","19","29","15","2","1","1318","161","6232","4039.392200000002",""
"27c6fdab-44a7-474a-83e0-1f0e067b86e2","contract-23","contract","entry","2","completed","true","1","11","0","2","1","1120","151","5203","3944.543399999966",""
"3c82fc92-523f-436e-8e22-0996b07f6b7b","contract-23","contract","pii","2","completed","true","10","20","6","2","1","1218","167","5806","4204.386999999988",""
"77ccf4e0-bfb4-4222-b860-d5a55a8a7cb9","contract-23","contract","per_step","2","completed","true","0","10","0","2","1","1120","166","5048","4248.914400000009",""
"f9224478-d731-435d-8793-85bb4ea9520b","contract-24","contract","full","2","completed","true","19","29","15","2","1","1319","163","6244","4192.560300000012",""
"fc1f5dec-00ad-494b-8b56-780003479548","contract-24","contract","pii","2","completed","true","10","20","6","2","1","1219","158","5818","4002.750299999956",""
"1348bdce-be9e-4347-9a9f-adb9d8f4dd9e","contract-24","contract","entry","2","completed","true","1","11","0","2","1","1123","155","5215","3967.9540999999736",""
"a2941129-ad68-47c4-bccc-6d63e65e0bc6","contract-24","contract","per_step","2","completed","true","0","10","0","2","1","1123","150","5060","3963.256400000071",""
"3a68da0b-b2aa-4fce-94bc-5e6e5338439c","contract-24","contract","joint","2","completed","true","0","10","0","2","1","1123","147","5060","3821.1289000000106",""
"596638b0-0019-45e6-9823-3c57922053df","contract-25","contract","entry","2","completed","true","1","11","0","2","1","1121","157","5216","4046.516799999983",""
"161e199a-fb21-46e9-936a-9debcbcf665f","contract-25","contract","pii","2","completed","true","10","20","6","2","1","1219","191","5819","4722.940100000007",""
"c920f8ba-024b-4350-9e7d-3976ac5810d9","contract-25","contract","joint","2","completed","true","0","10","0","2","1","1121","158","5061","4067.866299999994",""
"04a98e85-eb05-4478-b1f0-b3afb48d78a7","contract-25","contract","per_step","2","completed","true","0","10","0","2","1","1121","157","5061","4234.877300000051",""
"5fbdb2b6-e551-4b72-b1ef-4301105ff7a7","contract-26","contract","per_step","2","failed","false","0","10","0","2","1","1114","152","5053","4005.297900000005","INVALID_OUTPUT: 问题分类缺失或无效。"
"df9adac3-c758-4f6c-8930-f68d48cbc2d6","contract-25","contract","full","2","completed","true","19","29","15","2","1","1319","179","6245","4542.869100000011",""
"9b6dfb58-9cad-41b9-a4d3-9303d1709f74","contract-26","contract","entry","2","completed","false","1","11","0","2","1","1114","159","5208","4097.292499999981",""
"4cc8516a-4fce-42a7-986e-df05772edbd6","contract-26","contract","joint","2","completed","false","0","10","0","2","1","1114","167","5053","4261.486900000018",""
"476ca5df-a4e1-40fb-ada1-c1072081a8d6","contract-26","contract","full","2","completed","false","19","29","15","2","1","1310","173","6237","4415.489399999962",""
"4eadad28-ad46-4ee8-97f0-fd9b6ca447d2","contract-26","contract","pii","2","failed","false","10","20","6","2","1","1210","173","5811","4401.60970000003","INVALID_OUTPUT: 问题分类缺失或无效。"
"e7f09eaf-1fce-4320-a557-773764cf5f6b","contract-27","contract","per_step","2","completed","true","0","10","0","2","1","1127","161","5079","4143.862399999984",""
"79963081-7d30-40a6-9eac-ea7121e641f3","contract-27","contract","joint","2","completed","true","0","10","0","2","1","1127","138","5079","3634.0931000000564",""
"e176820d-003c-4ca6-8839-bba695c2f768","contract-27","contract","entry","2","completed","true","1","11","0","2","1","1127","153","5234","3969.218600000022",""
"09c90481-92eb-420f-8ba8-12ca301e5bc4","contract-28","contract","joint","2","completed","true","0","10","0","2","1","1114","155","5041","3954.0888999999734",""
"21946386-5d47-482a-b736-d8ba4a002c7d","contract-27","contract","full","2","completed","true","19","29","15","2","1","1325","165","6263","4551.055099999998",""
"52953e1a-96d5-4c96-88aa-6a5a5098b250","contract-27","contract","pii","2","completed","true","10","20","6","2","1","1225","177","5837","4471.969999999972",""
"a488778e-1a08-4749-9082-96c4a33faf0d","contract-28","contract","entry","2","completed","true","1","11","0","2","1","1114","157","5196","3983.5442999999505",""
"55ea9b38-b2c5-457f-92ea-3f8dd78f5982","contract-28","contract","full","2","completed","true","19","29","15","2","1","1310","177","6225","4522.881000000052",""
"985d76f4-57f9-4546-8651-697a73c2c34c","contract-28","contract","pii","2","completed","true","10","20","6","2","1","1210","161","5799","4113.082400000072",""
"89412557-8ab1-476b-9cb7-cd70abcdfb73","contract-28","contract","per_step","2","completed","true","0","10","0","2","1","1114","166","5041","4246.849999999977",""
"41f779db-ac2e-415a-96a4-83257b262178","contract-29","contract","full","2","completed","true","19","29","15","2","1","1315","148","6249","3793.8472000000766",""
"595f1a36-0bef-4c9c-a0f0-d76ce11bfcc9","contract-29","contract","pii","2","completed","true","10","20","6","2","1","1215","154","5823","3928.6161999999313",""
"965822b5-97f2-463d-9e4b-20bc5fe776b9","contract-29","contract","entry","2","completed","true","1","11","0","2","1","1117","146","5220","3753.4155999999493",""
"6314d190-0b02-470a-b62c-af93544fa5e9","contract-29","contract","per_step","2","completed","true","0","10","0","2","1","1117","152","5065","3897.3279999999795",""
"7aa651d0-e91a-4f0e-b49e-747ee99377b4","contract-29","contract","joint","2","completed","true","0","10","0","2","1","1117","152","5065","3991.3066999999573",""
"fa6b3f86-50f7-4ae6-bdfc-a47c06f85974","contract-30","contract","pii","2","completed","true","10","20","6","2","1","1216","158","5823","4043.3029000000097",""
"64d5e129-20ca-44e9-bd7f-d6013d7e7adb","contract-30","contract","per_step","2","completed","true","0","10","0","2","1","1120","156","5065","4010.878000000026",""
"3b630f24-0cbf-4fe5-8a60-7103836d97bc","contract-30","contract","entry","2","completed","true","1","11","0","2","1","1120","174","5220","4340.882599999895",""
"74a0b77a-1131-4a83-b988-54a1c6db1336","contract-30","contract","joint","2","completed","true","0","10","0","2","1","1120","156","5065","3986.2654999999795",""
"0373b9d8-d3b1-4562-8952-bb64c530cc75","study-01","study","joint","2","completed","true","0","0","0","0","0","0","0","0","1.0688999999547377",""
"679cb7ac-0150-4eed-b504-30c3cdcf3fb4","study-01","study","entry","2","completed","true","0","4","0","1","0","629","80","2468","2756.501500000013",""
"1a5f2fbf-fe64-4a38-a0dc-48b95da7d9ba","study-01","study","per_step","2","completed","true","0","4","0","1","0","629","80","2468","2051.535099999979",""
"28c5d955-b125-4f44-b743-a811b0ae8940","contract-30","contract","full","2","completed","true","19","29","15","2","1","1316","164","6249","4135.810199999949",""
"e3f60d6e-37db-4f1a-b20a-82d15d4e822e","study-02","study","joint","2","completed","true","0","0","0","0","0","0","0","0","1.084999999962747",""
"564fac11-be5a-416b-9249-96db22968fa1","study-01","study","full","2","completed","true","5","9","5","1","0","699","76","2732","1893.4142999999458",""
"7ab87ea3-1a1b-4096-a878-def22f5d22c7","study-01","study","pii","2","completed","true","2","6","2","1","0","660","76","2614","1934.4343000000808",""
"38fbcb46-828c-4568-955a-151f353c2ce2","study-02","study","per_step","2","completed","true","0","4","0","1","0","629","96","2468","2380.2247000000207",""
"fddd26b1-3907-469e-bc60-6f1fe19d7ed0","study-03","study","joint","2","completed","true","0","0","0","0","0","0","0","0","1.0387000000337139",""
"54a8946c-a055-4b68-b521-2a12200312d4","study-02","study","full","2","completed","true","5","9","5","1","0","699","94","2732","2364.14710000006",""
"8cab6c34-72ee-4ffb-8db8-25424e2f2c75","study-02","study","pii","2","completed","true","2","6","2","1","0","660","93","2614","2329.4196999999695",""
"c356c36d-90a0-40df-9ab9-37721f7ad068","study-02","study","entry","2","completed","true","0","4","0","1","0","629","96","2468","2393.5223999999",""
"121b9301-c02f-4969-806a-5ff7c95fc3d2","study-03","study","pii","2","completed","false","2","6","2","1","0","660","112","2614","2724.596900000004",""
"93e7b5ba-313e-4665-957f-488a8890ab87","study-03","study","entry","2","completed","true","0","4","0","1","0","629","82","2468","2093.2147000000114",""
"2ff5f3a2-1e2a-4a51-882d-631d807036da","study-03","study","per_step","2","completed","true","0","4","0","1","0","629","89","2468","2271.6787000000477",""
"b37ec15a-da7d-45b9-8719-5ebaa01d6d69","study-03","study","full","2","completed","false","5","9","5","1","0","699","219","2732","5092.672499999986",""
"d12b59ad-4621-4e62-ad3f-c17ee7ead192","study-04","study","full","2","completed","true","5","9","5","1","0","699","93","2732","2327.6432000000495",""
"ad2cc98f-9be5-4d98-834a-10c9004ff11b","study-04","study","joint","2","completed","true","0","0","0","0","0","0","0","0","1.1571000000694767",""
"dbf69b42-7316-460e-8c80-39345c8bcc00","study-04","study","pii","2","completed","true","2","6","2","1","0","660","97","2614","2420.448800000013",""
"5db1b53e-2160-4203-b439-d117acc82aca","study-04","study","entry","2","completed","true","0","4","0","1","0","629","88","2468","2230.447899999912",""
"946983dc-3cc0-4329-8449-d3d6c8b33189","study-04","study","per_step","2","completed","true","0","4","0","1","0","629","100","2468","2465.26119999995",""
"ed7267bd-7a1c-4037-b4db-9ee89c583a10","study-05","study","joint","2","completed","true","0","0","0","0","0","0","0","0","1.0701000000117347",""
"7d5b96f2-0726-464c-8519-2ceeafa36623","study-05","study","entry","2","completed","true","0","4","0","1","0","629","75","2468","2001.4149999999208",""
"f6dd1909-d0bf-47cf-8edb-7452f23e7eee","study-05","study","per_step","2","completed","true","0","4","0","1","0","629","75","2468","1895.246899999911",""
"1f70f0cf-63c6-444e-88e1-26d16162c296","study-05","study","pii","2","completed","false","2","6","2","1","0","660","99","2614","2518.236600000062",""
"28533392-6ef1-4866-ba0f-937fc868c6be","study-06","study","joint","2","completed","true","0","0","0","0","0","0","0","0","1.083199999993667",""
"7325e8a1-5d1e-42e7-91e3-21e81f0e39a2","study-05","study","full","2","completed","false","5","9","5","1","0","699","138","2732","3403.1243999999715",""
"5e39dcba-b2ec-450c-8ce1-7ef183c1d26f","study-06","study","entry","2","completed","true","0","4","0","1","0","629","97","2468","2422.3959999999497",""
"a8d740d6-4cad-4855-bb05-3d5730bb038d","study-06","study","per_step","2","completed","true","0","4","0","1","0","629","90","2468","2241.510499999975",""
"06d00ec9-86a4-4c0d-8c2e-f5a9493fb101","study-07","study","joint","2","completed","true","0","0","0","0","0","0","0","0","1.1727999999420717",""
"ddad416b-f0c5-41a7-ae24-b2cfc01cebd6","study-06","study","full","2","completed","true","5","9","5","1","0","699","99","2732","2621.925200000056",""
"73852483-e3af-4ade-a46a-62147365068b","study-06","study","pii","2","completed","true","2","6","2","1","0","660","94","2614","2363.3386000000173",""
"06474b3e-faaa-4154-9075-3d00928e37a9","study-07","study","per_step","2","completed","true","0","4","0","1","0","629","112","2468","2754.302400000044",""
"641e1e5c-9e75-49ff-8b05-c6fc493c9f56","study-08","study","joint","2","completed","true","0","0","0","0","0","0","0","0","1.2399000000441447",""
"70137095-7c21-4d3b-82d6-c1fbda04b988","study-07","study","full","2","completed","true","5","9","5","1","0","699","114","2732","2766.586100000073",""
"01f0bcd0-3445-421d-8969-0a9a5bd53dc1","study-07","study","pii","2","completed","true","2","6","2","1","0","660","115","2614","2803.3101000000024",""
"3cae2ae2-afe9-47fc-82e6-7881e5273f15","study-07","study","entry","2","completed","true","0","4","0","1","0","629","117","2468","2838.431199999992",""
"105b32a3-bb88-4542-a627-35c3884d45b9","study-08","study","pii","2","completed","false","2","6","2","1","0","660","123","2614","2980.4100000000326",""
"dbb923b7-a228-48ca-9a8a-c7c051a2e7c3","study-08","study","entry","2","completed","true","0","4","0","1","0","629","87","2468","2193.3365999999223",""
"8b15a222-3563-4307-b5eb-01db997fb6d8","study-08","study","full","2","completed","false","5","9","5","1","0","699","140","2732","3347.7970000000205",""
"31cc10f3-431d-4b1f-86bd-cd170d3331e0","study-08","study","per_step","2","completed","true","0","4","0","1","0","629","88","2468","2316.459900000016",""
"38950eb8-4040-48a9-90eb-44243f1594bf","study-09","study","entry","2","completed","true","0","4","0","1","0","629","79","2468","2021.091599999927",""
"43db4ded-09cb-4218-94e2-1523686207e3","study-09","study","joint","2","completed","true","0","0","0","0","0","0","0","0","1.1938999999547377",""
"bb6ce622-1113-4239-968b-189bd4395e96","study-09","study","pii","2","completed","false","2","6","2","1","0","660","110","2614","2673.733499999973",""
"8cae4c1d-2057-4d17-8395-f58fb6c69537","study-09","study","per_step","2","completed","true","0","4","0","1","0","629","79","2468","2057.090700000059",""
"205085da-c51f-4c0c-bf5d-f3cfe18da748","study-09","study","full","2","completed","false","5","9","5","1","0","699","237","2732","5494.605699999956",""
"e1dc81a0-7e08-4d09-bbba-e7d090882426","study-10","study","pii","2","completed","true","2","6","2","1","0","662","92","2616","2308.7127999999793",""
"b1de5649-b2a1-40f9-9e6b-d9f4ac463b74","study-10","study","joint","2","completed","true","0","0","0","0","0","0","0","0","0.7136999999638647",""
"993b5221-ece0-4d24-be61-8c7536a64d40","study-10","study","entry","2","completed","true","0","4","0","1","0","629","105","2468","2647.4634999999544",""
"1509394c-6e68-4a10-a505-9882cc7b7d60","study-10","study","per_step","2","completed","true","0","4","0","1","0","629","101","2468","2543.3504999999423",""
"f09ed779-f511-4b0e-90ae-0e71f3e2e284","study-11","study","per_step","2","completed","true","0","1","0","1","0","591","69","2355","2010.1933999999892",""
"bfd9ffec-d462-4d18-9292-4840670bb3c6","study-10","study","full","2","completed","true","5","9","5","1","0","703","94","2736","2384.1935999999987",""
"4655470a-241a-41c6-ab34-3c4eeed5054d","study-11","study","entry","2","completed","true","0","1","0","1","0","591","100","2355","2519.9933999999193",""
"567f21aa-3993-412f-b74f-4243341e1316","study-11","study","joint","2","completed","true","0","1","0","1","0","591","97","2355","2410.0633999999845",""
"8142f48a-3a57-4bca-920b-da9d9edd3396","study-11","study","full","2","completed","true","5","6","5","1","0","665","85","2623","2161.810599999968",""
"5029c877-24ad-49af-82e9-92f5dfaab7cf","study-12","study","per_step","2","completed","true","0","1","0","1","0","590","58","2352","1542.2140000000363",""
"6a87f6c1-88a1-452b-9ad9-3d6c7714a325","study-11","study","pii","2","completed","true","2","3","2","1","0","624","87","2503","2231.475600000005",""
"f8897ba3-28af-4a12-885b-e8274e70bdd7","study-12","study","full","2","completed","true","5","6","5","1","0","664","77","2620","1973.7653999999166",""
"c7401ae6-3749-44b2-bf79-3c58a90a0740","study-12","study","pii","2","completed","true","2","3","2","1","0","623","73","2500","1895.5858999999473",""
"ae2e2cf6-02a4-4eee-9e8b-d4fa7db08c39","study-12","study","joint","2","completed","true","0","1","0","1","0","590","61","2352","2388.28190000006",""
"94596017-53be-4cab-be9b-bd202ecda22f","study-12","study","entry","2","completed","true","0","1","0","1","0","590","81","2352","2058.7972999999765",""
"80cef854-83e0-4643-bbff-fd657fed2195","study-13","study","joint","2","completed","true","0","1","0","1","0","587","81","2343","2161.74450000003",""
"b1ba7c80-a64a-4f1f-91f8-3fb6e91048ae","study-13","study","entry","2","completed","true","0","1","0","1","0","587","80","2343","2018.215899999952",""
"76c44694-87e5-4167-b13e-714f659a1a86","study-13","study","per_step","2","completed","true","0","1","0","1","0","587","81","2343","2052.423700000043",""
"564c942c-035b-41f4-bcf9-b5eeb3d2bbf2","study-14","study","full","2","completed","true","5","6","5","1","0","659","87","2596","2308.763099999982",""
"1d3246f4-5701-469c-a7c3-69ebf95f1a6f","study-14","study","pii","2","completed","true","2","3","2","1","0","618","83","2476","2050.995600000024",""
"dcf40c99-5205-4190-bf27-163fd559737c","study-14","study","entry","2","completed","true","0","1","0","1","0","585","93","2328","2265.883700000006",""
"617e535f-6a7f-4bf6-a40f-049755ec2a37","study-14","study","per_step","2","completed","true","0","1","0","1","0","585","65","2328","1758.3852999999654",""
"df1aa421-811b-45e5-b601-45ba3f5b4189","study-14","study","joint","2","completed","true","0","1","0","1","0","585","82","2328","2078.1184000000358",""
"48f31e13-a8e7-4994-8016-f6c174ac7a73","study-15","study","pii","2","completed","false","2","3","2","1","0","625","95","2484","2388.2620999999344",""
"de789117-71e2-47a2-ac93-8e30255c7bee","study-13","study","pii","2","completed","true","2","3","2","1","0","620","79","2491","12635.189000000013",""
"5fb9be83-f0d4-4806-952d-43bb5ccc98a4","study-13","study","full","2","completed","true","5","6","5","1","0","661","79","2611","13284.587400000077",""
"09801e1b-9890-4993-b1af-3f32367b1f47","study-15","study","entry","2","completed","true","0","1","0","1","0","592","95","2336","2449.10970000003",""
"ce47aa1f-5b20-4850-b49a-e632b57d11c0","study-15","study","per_step","2","completed","true","0","1","0","1","0","592","87","2336","2156.342100000009",""
"98557462-fb79-4ce8-b65f-bde8aa16dbb1","study-15","study","joint","2","completed","true","0","1","0","1","0","592","96","2336","2379.1663999999873",""
"546dd0ee-32c3-4aac-869a-87b1c750788f","study-15","study","full","2","completed","true","5","6","5","1","0","666","91","2604","2216.063599999994",""
"f00f265a-223e-4c85-8212-23a4470a5d1d","study-16","study","entry","2","completed","true","0","1","0","1","0","588","81","2337","2051.915500000003",""
"997942ed-9df7-4df3-8955-039b370694de","study-16","study","per_step","2","completed","true","0","1","0","1","0","588","81","2337","2013.7155000000494",""
"a7acabc5-bd98-48fb-8857-542b71d079cf","study-16","study","joint","2","completed","true","0","1","0","1","0","588","87","2337","2203.3505000000587",""
"c35f369a-d0c8-4cdf-8b66-f5d06c17c810","study-16","study","full","2","completed","true","5","6","5","1","0","662","82","2605","2124.1215000000084",""
"c305baaf-24ca-414a-96f6-c5c0367500d9","study-16","study","pii","2","completed","true","2","3","2","1","0","621","81","2485","2057.399800000014",""
"b4b6a324-f7e3-405a-a92d-ca02e344b97e","study-17","study","per_step","2","completed","true","0","1","0","1","0","584","78","2322","1970.8728999999585",""
"ee537fe7-0328-4b5b-a26c-262b3ab64906","study-17","study","joint","2","completed","true","0","1","0","1","0","584","59","2322","1587.2557999999262",""
"1749fa6e-e2f2-42e5-914a-782aee80a0f4","study-17","study","full","2","completed","true","5","6","5","1","0","658","69","2590","1834.9242000000086",""
"6f690174-2073-400b-9703-4159aad272fa","study-17","study","pii","2","completed","false","2","3","2","1","0","617","79","2470","1977.2791000000434",""
"b0712e03-29d0-41e8-8854-bfb26d0d5a8f","study-17","study","entry","2","completed","true","0","1","0","1","0","584","48","2322","1379.7915000000503",""
"59605a0b-fa14-4a8f-9639-0c55054a7412","study-18","study","joint","2","completed","true","0","1","0","1","0","587","66","2337","1718.7910000000848",""
"347cfd0c-6b94-4ad7-bc8f-b9e6b3d30296","study-18","study","entry","2","completed","true","0","1","0","1","0","587","67","2337","1777.0844999999972",""
"ffd50c9c-894c-4e13-a881-06e8db18644a","study-18","study","full","2","completed","true","5","6","5","1","0","661","84","2605","2125.5341999999946",""
"d5205bcc-3807-4aa5-b304-53fe1a3e2c98","study-18","study","pii","2","completed","true","2","3","2","1","0","620","83","2485","2745.7648000000045",""
"7f36daca-84ea-4e45-a1e5-fa4f88925358","study-18","study","per_step","2","completed","true","0","1","0","1","0","587","67","2337","1745.9893999999622",""
"8e81144d-0ec8-48fa-bb45-2e05b7bf030f","study-19","study","full","2","completed","true","5","6","5","1","0","664","81","2620","2086.796100000036",""
"abe04f2b-0e95-4f28-886c-ebea52111faf","study-19","study","pii","2","completed","true","2","3","2","1","0","623","95","2500","2385.3922999999486",""
"6d358953-933d-4353-819b-7d9c1381ed6a","study-19","study","entry","2","completed","true","0","1","0","1","0","590","86","2352","2132.5154999999795",""
"0190d56a-af1f-4200-be0d-8576f74ab09d","study-19","study","per_step","2","completed","true","0","1","0","1","0","590","88","2352","2238.4886000000406",""
"a0a42a05-a8f4-4b56-9400-c2ad6db52186","study-20","study","pii","2","completed","false","2","3","2","1","0","620","82","2482","2058.349500000011",""
"f4d6dfbb-7bbd-494b-aba0-61f0e6ad3938","study-19","study","joint","2","completed","true","0","1","0","1","0","590","86","2352","2212.853000000003",""
"d4e412d3-9199-4274-955a-5af55b3132b6","study-20","study","entry","2","completed","false","0","1","0","1","0","587","90","2334","2235.778099999996",""
"3a93e082-28ad-40ee-88fb-4bbbaa48b49f","study-20","study","per_step","2","completed","false","0","1","0","1","0","587","82","2334","2083.545999999973",""
"86f2cffe-a1c1-4d43-9505-ca3d4906fabc","study-20","study","joint","2","completed","true","0","1","0","1","0","587","78","2334","2062.246199999936",""
"bf70afa6-c6cf-4a75-a4b2-d7418bc9c435","study-20","study","full","2","completed","false","5","6","5","1","0","661","99","2602","2499.304200000013",""
"b18a65ef-c3f6-4bef-8656-e45448be8d25","study-21","study","entry","2","completed","true","1","11","0","2","1","1126","158","5311","4026.92220000003",""
"205e8e95-34e3-43eb-9cfd-4510ea7f98e9","study-21","study","per_step","2","completed","true","0","10","0","2","1","1126","158","5182","4085.5272000000114",""
"c49d8acf-8354-450b-ad87-51a17be9fbfd","study-21","study","joint","2","completed","true","0","10","0","2","1","1126","156","5182","3984.8488999999827",""
"18b7416e-8b76-4fe6-971b-e8b1f1ae918f","study-21","study","full","2","completed","true","16","26","15","2","1","1274","159","6095","4129.598899999983",""
"945c0c56-155e-4cb0-95d6-9cb9b416a4cb","study-22","study","per_step","2","completed","true","0","10","0","2","1","1123","159","5173","4009.4549000000115",""
"82437a0a-5961-4e6e-ae1d-f229378746dd","study-21","study","pii","2","completed","true","7","17","6","2","1","1192","158","5747","4127.191699999967",""
"fae09e68-85eb-4e0c-a98c-63f55ecf7c3c","study-22","study","joint","2","completed","true","0","10","0","2","1","1123","130","5173","3396.912699999986",""
"d0bade47-aa16-4a68-93b8-ad08597470da","study-22","study","full","2","completed","true","16","26","15","2","1","1271","162","6083","4307.80409999995",""
"3840d4c4-16c0-4583-b353-4bba418fad96","study-22","study","entry","2","completed","true","1","11","0","2","1","1123","123","5299","3235.238599999924",""
"eced3cfc-9a4e-4a62-b8f3-f07dc8ac35d6","study-22","study","pii","2","completed","true","7","17","6","2","1","1189","162","5735","4243.443699999945",""
"db3e7845-8cec-452d-b12f-b69737c03a1c","study-23","study","joint","2","completed","true","0","10","0","2","1","1114","141","5146","4083.823800000013",""
"4c37c107-2509-482e-a5e9-4490e5270a3e","study-23","study","full","2","completed","true","16","26","15","2","1","1262","154","6047","3964.792999999947",""
"69bb2a02-cfa2-4892-b77c-950e85ca71a9","study-23","study","pii","2","completed","true","7","17","6","2","1","1180","154","5699","4005.338699999964",""
"11da1c05-23ac-452a-964a-a67ff4f954c7","study-23","study","entry","2","completed","true","1","11","0","2","1","1114","140","5263","3645.7332999999635",""
"26b90436-3e9e-4efc-8094-369c945b6ffc","study-23","study","per_step","2","completed","true","0","10","0","2","1","1114","143","5146","3792.06799999997",""
"d9c94f6b-9a92-4aa2-9eb0-74e00ce0469d","study-24","study","full","2","completed","true","16","26","15","2","1","1256","134","5987","3761.033999999985",""
"07408ddf-d6ba-48fa-8be1-8d29fb8e7191","study-24","study","pii","2","completed","true","7","17","6","2","1","1174","135","5639","3872.5720999999903",""
"331611f2-b01d-4481-83a6-42863874f176","study-24","study","entry","2","completed","true","1","11","0","2","1","1108","138","5203","3784.9108000000706",""
"2d31d7f0-4cd0-4585-b00d-079fe3671407","study-24","study","per_step","2","completed","true","0","10","0","2","1","1108","136","5101","3561.105099999928",""
"06ac9c81-88ac-442f-a308-a18d97571faa","study-25","study","pii","2","completed","false","7","17","6","2","1","1195","156","5671","3953.5881999999983",""
"bbb1c76e-fc72-42e0-94e4-0aa4949deb28","study-24","study","joint","2","completed","true","0","10","0","2","1","1108","136","5101","4486.262099999934",""
"f7216066-c2e8-4ae4-8f7e-24703dd98029","study-25","study","entry","2","completed","false","1","11","0","2","1","1129","154","5235","3917.1591999999946",""
"b99d2573-0304-48ed-ad53-7073fac4bc7d","study-25","study","per_step","2","completed","false","0","10","0","2","1","1129","148","5125","3740.910499999998",""
"da348904-4075-4165-9983-3bcdd3842975","study-25","study","joint","2","completed","false","0","10","0","2","1","1129","144","5125","3858.759100000025",""
"5461499b-6dcf-4d7d-8a81-331d2f44af85","study-25","study","full","2","completed","false","16","26","15","2","1","1277","148","6019","3947.667800000054",""
"3a426830-6301-4277-a70e-ef4a105e4f3d","study-26","study","entry","2","completed","true","1","11","0","2","1","1117","149","5239","3780.127300000051",""
"41523427-6f73-431f-929b-a6efad3f511b","study-26","study","per_step","2","completed","true","0","10","0","2","1","1117","148","5128","4502.032200000016",""
"ff592546-9b20-4fa8-bb94-83507a68b59c","study-26","study","joint","2","completed","true","0","10","0","2","1","1117","146","5128","3753.4418000000296",""
"4912e18b-bd14-4849-9e6c-8e6b32ef4516","study-26","study","full","2","completed","false","16","26","15","2","1","1265","160","6023","4071.8293999999296",""
"2010e977-a281-4486-a294-47aec882113a","study-26","study","pii","2","completed","true","7","17","6","2","1","1183","166","5675","4252.605199999991",""
"85a3d335-8cb2-4ed0-ac70-b442f7320be0","study-27","study","per_step","2","completed","false","0","10","0","2","1","1105","144","5083","3778.906100000022",""
"3c7df97e-f796-4975-aac5-34177fdaf90c","study-27","study","joint","2","completed","false","0","10","0","2","1","1105","144","5083","3936.427100000088",""
"e4802f0f-938a-4f6c-a5c2-c3ff9c0c4438","study-27","study","full","2","completed","true","16","26","15","2","1","1253","134","5963","3504.618599999929",""
"6ec83b2b-1050-417e-9fee-517d959e4ba2","study-27","study","pii","2","completed","false","7","17","6","2","1","1171","138","5615","3607.9749999999767",""
"1b61f61a-7774-4d82-8cc8-c77114530b9e","study-27","study","entry","2","completed","false","1","11","0","2","1","1105","144","5179","3729.7519999999786",""
"38f3f9ec-19da-4fef-ad6d-485de1437635","study-28","study","joint","2","completed","true","0","10","0","2","1","1114","137","5128","3648.170299999998",""
"58c1f633-ce82-48ef-8082-9e778c49acb7","study-28","study","full","2","completed","true","16","26","15","2","1","1262","151","6023","3944.663899999927",""
"6f2a469e-5ac1-4b16-934c-96c59872d7a6","study-28","study","pii","2","completed","true","7","17","6","2","1","1180","151","5675","3925.551199999987",""
"a17b2f88-40fa-4660-8194-840cd2b1e96f","study-28","study","entry","2","completed","true","1","11","0","2","1","1114","146","5239","3745.3365999999223",""
"ed612470-5776-4a1b-a019-652163a07783","study-28","study","per_step","2","completed","true","0","10","0","2","1","1114","114","5128","3079.0347000000766",""
"c2de81fc-ebab-4679-ab01-1e403c7c31f4","study-29","study","full","2","completed","true","16","26","15","2","1","1271","143","6083","3842.750800000038",""
"884ae5d4-3ec4-469a-9578-fc1f9935aeda","study-29","study","pii","2","completed","true","7","17","6","2","1","1189","146","5735","3784.885399999912",""
"2202a024-4571-4897-a774-ac282309dfcb","study-29","study","entry","2","completed","true","1","11","0","2","1","1123","146","5299","3771.4189999999944",""
"65618383-8de2-4b04-8106-8d267e1978d2","study-29","study","per_step","2","completed","true","0","10","0","2","1","1123","149","5173","3896.4363000000594",""
"c4958c4c-f707-4548-b9da-1ba8b36b174b","study-29","study","joint","2","completed","true","0","10","0","2","1","1123","144","5173","3755.0553000000073",""
"e58007e0-492f-43ec-9f56-ffb7b87c682a","study-30","study","pii","2","completed","false","7","17","6","2","1","1180","140","5663","3650.311200000113",""
"594cc934-029f-47bd-b2a9-f53587db00e3","study-30","study","entry","2","completed","false","1","11","0","2","1","1114","161","5227","4109.061800000025",""
"e1d392e6-d7b8-4c4e-87b9-188c2b80a3a0","study-30","study","per_step","2","completed","false","0","10","0","2","1","1114","157","5119","4059.9875000000466",""
"3acf7439-200a-4537-b02d-81a2572652e7","study-30","study","joint","2","completed","false","0","10","0","2","1","1114","161","5119","4195.59870000009",""
"00aade6a-ce32-41ca-b088-027f29b8933a","study-30","study","full","2","completed","false","16","26","15","2","1","1262","151","6011","3956.66670000006",""